Rank,Club,Country,Elo,Slug,_fetched_at
1,Bayern München,GER,2046.0,Bayern,2026-09-14T06:51:03.945585+00:00
2,Arsenal,ENG,2042.0,Arsenal,2026-09-14T06:51:03.945585+00:00
3,Man City,ENG,2032.0,ManCity,2026-09-14T06:51:03.945585+00:00
4,Barcelona,ESP,2020.0,Barcelona,2026-09-14T06:51:03.945585+00:00
5,Real Madrid,ESP,1975.0,realmadrid,2026-09-14T06:51:03.945585+00:00
6,Paris SG,FRA,1954.0,ParisSG,2026-09-14T06:51:03.945585+00:00
7,Internazionale,ITA,1945.0,Inter,2026-09-14T06:51:03.945585+00:00
8,Liverpool,ENG,1928.0,Liverpool,2026-09-14T06:51:03.945585+00:00
9,Dortmund,GER,1897.0,Dortmund,2026-09-14T06:51:03.945585+00:00
10,Atlético,ESP,1894.0,atletico,2026-09-14T06:51:03.945585+00:00
11,Chelsea,ENG,1888.0,Chelsea,2026-09-14T06:51:03.945585+00:00
12,Newcastle,ENG,1886.0,Newcastle,2026-09-14T06:51:03.945585+00:00
13,Man United,ENG,1884.0,ManUnited,2026-09-14T06:51:03.945585+00:00
14,Aston Villa,ENG,1884.0,AstonVilla,2026-09-14T06:51:03.945585+00:00
15,Sporting,POR,1876.0,Sporting,2026-09-14T06:51:03.945585+00:00
16,Flamengo,BRA,1872.0,flamengo,2026-09-14T06:51:03.945585+00:00
17,Brighton,ENG,1869.0,Brighton,2026-09-14T06:51:03.945585+00:00
18,Leverkusen,GER,1865.0,Leverkusen,2026-09-14T06:51:03.945585+00:00
19,Bournemouth,ENG,1859.0,Bournemouth,2026-09-14T06:51:03.945585+00:00
20,Palmeiras,BRA,1853.0,palmeiras,2026-09-14T06:51:03.945585+00:00
21,Roma,ITA,1851.0,Roma,2026-09-14T06:51:03.945585+00:00
22,Benfica,POR,1850.0,benfica,2026-09-14T06:51:03.945585+00:00
23,Brentford,ENG,1848.0,Brentford,2026-09-14T06:51:03.945585+00:00
24,Napoli,ITA,1835.0,Napoli,2026-09-14T06:51:03.945585+00:00
25,Juventus,ITA,1833.0,Juventus,2026-09-14T06:51:03.945585+00:00
26,Porto,POR,1830.0,porto,2026-09-14T06:51:03.945585+00:00
27,Milan,ITA,1829.0,Milan,2026-09-14T06:51:03.945585+00:00
28,Stuttgart,GER,1825.0,Stuttgart,2026-09-14T06:51:03.945585+00:00
29,RB Leipzig,GER,1824.0,RBLeipzig,2026-09-14T06:51:03.945585+00:00
30,Everton,ENG,1820.0,Everton,2026-09-14T06:51:03.945585+00:00
31,Crystal Palace,ENG,1818.0,CrystalPalace,2026-09-14T06:51:03.945585+00:00
32,Lens,FRA,1818.0,Lens,2026-09-14T06:51:03.945585+00:00
33,Como,ITA,1815.0,Como,2026-09-14T06:51:03.945585+00:00
34,Atalanta,ITA,1812.0,atalanta,2026-09-14T06:51:03.945585+00:00
35,Forest,ENG,1812.0,Forest,2026-09-14T06:51:03.945585+00:00
36,Betis,ESP,1810.0,Betis,2026-09-14T06:51:03.945585+00:00
37,Galatasaray,TUR,1807.0,Galatasaray,2026-09-14T06:51:03.945585+00:00
38,Tottenham,ENG,1806.0,Tottenham,2026-09-14T06:51:03.945585+00:00
39,Leeds,ENG,1806.0,Leeds,2026-09-14T06:51:03.945585+00:00
40,Zenit,RUS,1805.0,Zenit,2026-09-14T06:51:03.945585+00:00
41,Brugge,BEL,1804.0,Brugge,2026-09-14T06:51:03.945585+00:00
42,St Gillis,BEL,1803.0,StGillis,2026-09-14T06:51:03.945585+00:00
43,Fulham,ENG,1798.0,Fulham,2026-09-14T06:51:03.945585+00:00
44,Monaco,FRA,1798.0,Monaco,2026-09-14T06:51:03.945585+00:00
45,Villarreal,ESP,1794.0,Villarreal,2026-09-14T06:51:03.945585+00:00
46,Freiburg,GER,1792.0,Freiburg,2026-09-14T06:51:03.945585+00:00
47,PSV,NED,1791.0,PSV,2026-09-14T06:51:03.945585+00:00
48,Lyon,FRA,1787.0,Lyon,2026-09-14T06:51:03.945585+00:00
49,Lille,FRA,1787.0,Lille,2026-09-14T06:51:03.945585+00:00
50,Bodø/Glimt,NOR,1786.0,BodoeGlimt,2026-09-14T06:51:03.945585+00:00
51,West Ham,ENG,1783.0,WestHam,2026-09-14T06:51:03.945585+00:00
52,Ind del Valle,ECU,1779.0,IDV,2026-09-14T06:51:03.945585+00:00
53,Fenerbahçe,TUR,1778.0,Fenerbahce,2026-09-14T06:51:03.945585+00:00
54,Marseille,FRA,1775.0,Marseille,2026-09-14T06:51:03.945585+00:00
55,Lazio,ITA,1772.0,Lazio,2026-09-14T06:51:03.945585+00:00
56,Cruzeiro,BRA,1770.0,cruzeiro,2026-09-14T06:51:03.945585+00:00
57,Real Sociedad,ESP,1768.0,Sociedad,2026-09-14T06:51:03.945585+00:00
58,FC Krasnodar,RUS,1767.0,FCKrasnodar,2026-09-14T06:51:03.945585+00:00
59,Athletic Club,ESP,1766.0,athletic-club,2026-09-14T06:51:03.945585+00:00
60,Rennes,FRA,1765.0,Rennes,2026-09-14T06:51:03.945585+00:00
61,Fluminense,BRA,1763.0,fluminense,2026-09-14T06:51:03.945585+00:00
62,Slavia Praha,CZE,1760.0,SlaviaPraha,2026-09-14T06:51:03.945585+00:00
63,Boca Juniors,ARG,1759.0,bocajuniors,2026-09-14T06:51:03.945585+00:00
64,Bologna,ITA,1755.0,Bologna,2026-09-14T06:51:03.945585+00:00
65,Hoffenheim,GER,1754.0,Hoffenheim,2026-09-14T06:51:03.945585+00:00
66,Al Hilal,KSA,1749.0,alhilal,2026-09-14T06:51:03.945585+00:00
67,Celta,ESP,1749.0,rc-celta,2026-09-14T06:51:03.945585+00:00
68,Strasbourg,FRA,1748.0,Strasbourg,2026-09-14T06:51:03.945585+00:00
69,Argentinos Junior,ARG,1744.0,argentinos-juniors,2026-09-14T06:51:03.945585+00:00
70,Frankfurt,GER,1741.0,Frankfurt,2026-09-14T06:51:03.945585+00:00
71,Valencia,ESP,1740.0,Valencia,2026-09-14T06:51:03.945585+00:00
72,Rayo Vallecano,ESP,1740.0,RayoVallecano,2026-09-14T06:51:03.945585+00:00
73,River Plate,ARG,1739.0,riverplate,2026-09-14T06:51:03.945585+00:00
74,Mainz,GER,1736.0,Mainz,2026-09-14T06:51:03.945585+00:00
75,Toluca,MEX,1735.0,deportivo-toluca,2026-09-14T06:51:03.945585+00:00
76,Atlético Nacional,COL,1735.0,atletico-nacional,2026-09-14T06:51:03.945585+00:00
77,Sunderland,ENG,1735.0,Sunderland,2026-09-14T06:51:03.945585+00:00
78,Bahia,BRA,1734.0,bahia-ba,2026-09-14T06:51:03.945585+00:00
79,Rosario Central,ARG,1731.0,rosario-central,2026-09-14T06:51:03.945585+00:00
80,Ind Rivadavia,ARG,1731.0,independiente-rivadavia,2026-09-14T06:51:03.945585+00:00
81,Corinthians,BRA,1730.0,Corinthians,2026-09-14T06:51:03.945585+00:00
82,Braga,POR,1728.0,Braga,2026-09-14T06:51:03.945585+00:00
83,Alaves,ESP,1728.0,Alaves,2026-09-14T06:51:03.945585+00:00
84,Ath Paranaense,BRA,1727.0,athletico-paranaense,2026-09-14T06:51:03.945585+00:00
85,Atlético Mineiro,BRA,1727.0,atletico-mineiro,2026-09-14T06:51:03.945585+00:00
86,Augsburg,GER,1726.0,Augsburg,2026-09-14T06:51:03.945585+00:00
87,Wolves,ENG,1725.0,Wolves,2026-09-14T06:51:03.945585+00:00
88,Vélez Sarsfield,ARG,1723.0,velez-sarsfield,2026-09-14T06:51:03.945585+00:00
89,Osasuna,ESP,1723.0,Osasuna,2026-09-14T06:51:03.945585+00:00
90,Botafogo,BRA,1722.0,botafogo,2026-09-14T06:51:03.945585+00:00
91,Sevilla,ESP,1722.0,Sevilla,2026-09-14T06:51:03.945585+00:00
92,Estudiantes,ARG,1721.0,estudiantes,2026-09-14T06:51:03.945585+00:00
93,Spartak Moskva,RUS,1719.0,SpartakMoskva,2026-09-14T06:51:03.945585+00:00
94,Cruz Azul,MEX,1717.0,cruz-azul,2026-09-14T06:51:03.945585+00:00
95,São Paulo,BRA,1717.0,sao-paulo-fc,2026-09-14T06:51:03.945585+00:00
96,Fiorentina,ITA,1717.0,Fiorentina,2026-09-14T06:51:03.945585+00:00
97,Midtjylland,DEN,1715.0,Midtjylland,2026-09-14T06:51:03.945585+00:00
98,Mallorca,ESP,1715.0,Mallorca,2026-09-14T06:51:03.945585+00:00
99,Girona,ESP,1713.0,Girona,2026-09-14T06:51:03.945585+00:00
100,Feyenoord,NED,1713.0,Feyenoord,2026-09-14T06:51:03.945585+00:00
101,Olympiakos,GRE,1713.0,Olympiakos,2026-09-14T06:51:03.945585+00:00
102,Mirassol,BRA,1712.0,Mirassol,2026-09-14T06:51:03.945585+00:00
103,Espanyol,ESP,1712.0,Espanyol,2026-09-14T06:51:03.945585+00:00
104,LDU Quito,ECU,1711.0,ldu-quito,2026-09-14T06:51:03.945585+00:00
105,Levante,ESP,1711.0,Levante,2026-09-14T06:51:03.945585+00:00
106,Santos,BRA,1707.0,santos-fc_2,2026-09-14T06:51:03.945585+00:00
107,Udinese,ITA,1707.0,Udinese,2026-09-14T06:51:03.945585+00:00
108,Racing Club,ARG,1707.0,racing-club,2026-09-14T06:51:03.945585+00:00
109,Southampton,ENG,1705.0,Southampton,2026-09-14T06:51:03.945585+00:00
110,Sassuolo,ITA,1703.0,Sassuolo,2026-09-14T06:51:03.945585+00:00
111,Novorizontino,BRA,1702.0,gremio-novorizontino-sp,2026-09-14T06:51:03.945585+00:00
112,América,MEX,1702.0,America,2026-09-14T06:51:03.945585+00:00
113,Al Nassr,KSA,1702.0,al-nassr,2026-09-14T06:51:03.945585+00:00
114,AEK,GRE,1700.0,AEK,2026-09-14T06:51:03.945585+00:00
115,Ipswich,ENG,1700.0,Ipswich,2026-09-14T06:51:03.945585+00:00
116,Getafe,ESP,1699.0,Getafe,2026-09-14T06:51:03.945585+00:00
117,Paris FC,FRA,1699.0,ParisFC,2026-09-14T06:51:03.945585+00:00
118,Peñarol,URU,1698.0,PenarolMontevideo,2026-09-14T06:51:03.945585+00:00
119,Depor,ESP,1697.0,Depor,2026-09-14T06:51:03.945585+00:00
120,Lorient,FRA,1696.0,Lorient,2026-09-14T06:51:03.945585+00:00
121,Independiente,ARG,1695.0,Independiente,2026-09-14T06:51:03.945585+00:00
122,Kashima Antlers,JPN,1695.0,kashima-antlers,2026-09-14T06:51:03.945585+00:00
123,Santander,ESP,1695.0,Santander,2026-09-14T06:51:03.945585+00:00
124,Vasco da Gama,BRA,1694.0,vasco-da-gama-rj,2026-09-14T06:51:03.945585+00:00
125,Elche,ESP,1694.0,Elche,2026-09-14T06:51:03.945585+00:00
126,Belgrano,ARG,1694.0,belgrano-de-cordoba,2026-09-14T06:51:03.945585+00:00
127,Amed SK,TUR,1693.0,amed-sk,2026-09-14T06:51:03.945585+00:00
128,Internacional,BRA,1693.0,internacional,2026-09-14T06:51:03.945585+00:00
129,Besiktas,TUR,1693.0,Besiktas,2026-09-14T06:51:03.945585+00:00
130,AZ,NED,1693.0,Alkmaar,2026-09-14T06:51:03.945585+00:00
131,Celtic,SCO,1692.0,Celtic,2026-09-14T06:51:03.945585+00:00
132,Bragantino,BRA,1692.0,red-bull-bragantino,2026-09-14T06:51:03.945585+00:00
133,Viking,NOR,1691.0,Viking,2026-09-14T06:51:03.945585+00:00
134,Fortaleza,BRA,1690.0,fortaleza-ce,2026-09-14T06:51:03.945585+00:00
135,Werder,GER,1690.0,Werder,2026-09-14T06:51:03.945585+00:00
136,FC Kobenhavn,DEN,1690.0,FCKobenhavn,2026-09-14T06:51:03.945585+00:00
137,Ajax,NED,1689.0,Ajax,2026-09-14T06:51:03.945585+00:00
138,Dynamo Moskva,RUS,1688.0,DynamoMoskva,2026-09-14T06:51:03.945585+00:00
139,Colo-Colo,CHI,1688.0,colo-colo,2026-09-14T06:51:03.945585+00:00
140,Inter Miami,USA,1687.0,intermiami,2026-09-14T06:51:03.945585+00:00
141,Grêmio,BRA,1687.0,gremio-porto-alegre,2026-09-14T06:51:03.945585+00:00
142,FC Machida Zelvia,JPN,1686.0,fc-machida-zelvia,2026-09-14T06:51:03.945585+00:00
143,Coventry,ENG,1686.0,Coventry,2026-09-14T06:51:03.945585+00:00
144,Guadalajara,MEX,1686.0,deportivo-guadalajara,2026-09-14T06:51:03.945585+00:00
145,Torino,ITA,1686.0,Torino,2026-09-14T06:51:03.945585+00:00
146,Shakhtar,UKR,1685.0,Shakhtar,2026-09-14T06:51:03.945585+00:00
147,Toulouse,FRA,1684.0,Toulouse,2026-09-14T06:51:03.945585+00:00
148,Lanús,ARG,1684.0,lanus,2026-09-14T06:51:03.945585+00:00
149,Huracán,ARG,1684.0,huracan,2026-09-14T06:51:03.945585+00:00
150,Bolívar,BOL,1683.0,bolivar_3,2026-09-14T06:51:03.945585+00:00
151,Gladbach,GER,1682.0,Gladbach,2026-09-14T06:51:03.945585+00:00
152,Gimnasia LP,ARG,1682.0,gimnasia-de-la-plata,2026-09-14T06:51:03.945585+00:00
153,Almeria,ESP,1682.0,Almeria,2026-09-14T06:51:03.945585+00:00
154,Uni Catolica,ECU,1682.0,universidad-catolica_2,2026-09-14T06:51:03.945585+00:00
155,Genk,BEL,1681.0,Genk,2026-09-14T06:51:03.945585+00:00
156,Union Berlin,GER,1680.0,UnionBerlin,2026-09-14T06:51:03.945585+00:00
157,Castellon,ESP,1680.0,Castellon,2026-09-14T06:51:03.945585+00:00
158,Frosinone,ITA,1679.0,Frosinone,2026-09-14T06:51:03.945585+00:00
159,Brest,FRA,1678.0,Brest,2026-09-14T06:51:03.945585+00:00
160,CSKA Moskva,RUS,1678.0,CSKAMoskva,2026-09-14T06:51:03.945585+00:00
161,Sanfrecce Hiroshi,JPN,1678.0,sanfrecce-hiroshima,2026-09-14T06:51:03.945585+00:00
162,América de Cali,COL,1678.0,america-de-cali,2026-09-14T06:51:03.945585+00:00
163,Vissel Kobe,JPN,1677.0,vissel-kobe,2026-09-14T06:51:03.945585+00:00
164,UANL,MEX,1677.0,uanl-tigres,2026-09-14T06:51:03.945585+00:00
165,Las Palmas,ESP,1677.0,LasPalmas,2026-09-14T06:51:03.945585+00:00
166,Malaga,ESP,1677.0,Malaga,2026-09-14T06:51:03.945585+00:00
167,Lech,POL,1675.0,Lech,2026-09-14T06:51:03.945585+00:00
168,Elversberg,GER,1675.0,Elversberg,2026-09-14T06:51:03.945585+00:00
169,Nashville,USA,1675.0,nashville-sc,2026-09-14T06:51:03.945585+00:00
170,Wolfsburg,GER,1672.0,Wolfsburg,2026-09-14T06:51:03.945585+00:00
171,Cagliari,ITA,1671.0,Cagliari,2026-09-14T06:51:03.945585+00:00
172,Dinamo Zagreb,CRO,1671.0,DinamoZagreb,2026-09-14T06:51:03.945585+00:00
173,Eibar,ESP,1670.0,Eibar,2026-09-14T06:51:03.945585+00:00
174,Cerro Porteño,PAR,1668.0,cerro-porteno,2026-09-14T06:51:03.945585+00:00
175,Vitória,BRA,1667.0,vitoria-ba,2026-09-14T06:51:03.945585+00:00
176,Uni Católica,CHI,1667.0,universidad-catolica,2026-09-14T06:51:03.945585+00:00
177,Hamburg,GER,1666.0,Hamburg,2026-09-14T06:51:03.945585+00:00
178,Instituto,ARG,1665.0,instituto-de-cordoba,2026-09-14T06:51:03.945585+00:00
179,Juventude,BRA,1665.0,juventude-rs,2026-09-14T06:51:03.945585+00:00
180,Santa Fe,COL,1664.0,santa-fe,2026-09-14T06:51:03.945585+00:00
181,Crvena Zvezda,SRB,1664.0,CrvenaZvezda,2026-09-14T06:51:03.945585+00:00
182,PAOK,GRE,1664.0,PAOK,2026-09-14T06:51:03.945585+00:00
183,Genoa,ITA,1663.0,Genoa,2026-09-14T06:51:03.945585+00:00
184,DIM,COL,1663.0,independiente-medellin,2026-09-14T06:51:03.945585+00:00
185,Anderlecht,BEL,1662.0,Anderlecht,2026-09-14T06:51:03.945585+00:00
186,Köln,GER,1662.0,Koeln,2026-09-14T06:51:03.945585+00:00
187,Nice,FRA,1660.0,Nice,2026-09-14T06:51:03.945585+00:00
188,Uni de Chile,CHI,1660.0,universidad-de-chile,2026-09-14T06:51:03.945585+00:00
189,LAFC,USA,1660.0,lafc,2026-09-14T06:51:03.945585+00:00
190,Twente,NED,1660.0,Twente,2026-09-14T06:51:03.945585+00:00
191,Criciúma,BRA,1660.0,criciuma-sc,2026-09-14T06:51:03.945585+00:00
192,Al Ahli SFC,KSA,1659.0,al-ahli-sfc,2026-09-14T06:51:03.945585+00:00
193,Coritiba,BRA,1659.0,coritiba-pr,2026-09-14T06:51:03.945585+00:00
194,Vancouver,USA,1657.0,vancouver-whitecaps,2026-09-14T06:51:03.945585+00:00
195,Tigre,ARG,1657.0,tigre,2026-09-14T06:51:03.945585+00:00
196,Ferencvaros,HUN,1657.0,Ferencvaros,2026-09-14T06:51:03.945585+00:00
197,Paderborn,GER,1655.0,Paderborn,2026-09-14T06:51:03.945585+00:00
198,Burgos,ESP,1654.0,Burgos,2026-09-14T06:51:03.945585+00:00
199,Pachuca,MEX,1654.0,pachuca,2026-09-14T06:51:03.945585+00:00
200,Tolima,COL,1653.0,deportes-tolima,2026-09-14T06:51:03.945585+00:00
201,Nordsjaelland,DEN,1653.0,Nordsjaelland,2026-09-14T06:51:03.945585+00:00
202,Atl Goianiense,BRA,1652.0,atletico-goianiense,2026-09-14T06:51:03.945585+00:00
203,Venezia,ITA,1651.0,venezia-fc,2026-09-14T06:51:03.945585+00:00
204,GyE Mendoza,ARG,1651.0,gimnasia-de-mendoza,2026-09-14T06:51:03.945585+00:00
205,Hertha,GER,1651.0,Hertha,2026-09-14T06:51:03.945585+00:00
206,San Lorenzo,ARG,1651.0,SanLorenzo,2026-09-14T06:51:03.945585+00:00
207,Middlesbrough,ENG,1650.0,Middlesbrough,2026-09-14T06:51:03.945585+00:00
208,Schalke,GER,1650.0,Schalke,2026-09-14T06:51:03.945585+00:00
209,Club Olimpia,PAR,1650.0,club-olimpia,2026-09-14T06:51:03.945585+00:00
210,Oviedo,ESP,1649.0,Oviedo,2026-09-14T06:51:03.945585+00:00
211,Macará,ECU,1648.0,macara,2026-09-14T06:51:03.945585+00:00
212,Talleres,ARG,1647.0,talleres-de-cordoba,2026-09-14T06:51:03.945585+00:00
213,Burnley,ENG,1647.0,Burnley,2026-09-14T06:51:03.945585+00:00
214,Panathinaikos,GRE,1647.0,Panathinaikos,2026-09-14T06:51:03.945585+00:00
215,Trabzonspor,TUR,1646.0,Trabzonspor,2026-09-14T06:51:03.945585+00:00
216,RB Salzburg,AUT,1645.0,rbsalzburg,2026-09-14T06:51:03.945585+00:00
217,Unión de Santa Fe,ARG,1645.0,union-de-santa-fe,2026-09-14T06:51:03.945585+00:00
218,Auxerre,FRA,1645.0,Auxerre,2026-09-14T06:51:03.945585+00:00
219,Parma,ITA,1645.0,parma-calcio-1913,2026-09-14T06:51:03.945585+00:00
220,Waasland-Beveren,BEL,1645.0,sk-beveren,2026-09-14T06:51:03.945585+00:00
221,Atlético Tucumán,ARG,1644.0,atletico-tucuman,2026-09-14T06:51:03.945585+00:00
222,Palermo,ITA,1644.0,Palermo,2026-09-14T06:51:03.945585+00:00
223,Remo,BRA,1643.0,remo-pa,2026-09-14T06:51:03.945585+00:00
224,Heidenheim,GER,1642.0,Heidenheim,2026-09-14T06:51:03.945585+00:00
225,Barcelona,ECU,1642.0,BarcelonaEC,2026-09-14T06:51:03.945585+00:00
226,Nacional,URU,1642.0,NacionalMontevideo,2026-09-14T06:51:03.945585+00:00
227,Defensa y Justici,ARG,1641.0,defensa-y-justicia,2026-09-14T06:51:03.945585+00:00
228,Lok Moskva,RUS,1641.0,LokMoskva,2026-09-14T06:51:03.945585+00:00
229,Cuiabá,BRA,1640.0,cuiaba-mt,2026-09-14T06:51:03.945585+00:00
230,Millonarios,COL,1640.0,millonarios,2026-09-14T06:51:03.945585+00:00
231,Sparta Praha,CZE,1639.0,SpartaPraha,2026-09-14T06:51:03.945585+00:00
232,LASK,AUT,1639.0,lask,2026-09-14T06:51:03.945585+00:00
233,Philadelphia,USA,1638.0,philadelphia-union,2026-09-14T06:51:03.945585+00:00
234,Viktoria Plzeň,CZE,1638.0,ViktoriaPlzen,2026-09-14T06:51:03.945585+00:00
235,Náutico,BRA,1638.0,lsapi-3966,2026-09-14T06:51:03.945585+00:00
236,Sturm Graz,AUT,1637.0,SturmGraz,2026-09-14T06:51:03.945585+00:00
237,Monza,ITA,1637.0,Monza,2026-09-14T06:51:03.945585+00:00
238,Millwall,ENG,1637.0,Millwall,2026-09-14T06:51:03.945585+00:00
239,UNAM,MEX,1636.0,pumas-unam,2026-09-14T06:51:03.945585+00:00
240,Monterrey,MEX,1636.0,monterrey,2026-09-14T06:51:03.945585+00:00
241,Hull,ENG,1636.0,Hull,2026-09-14T06:51:03.945585+00:00
242,Al Qadsiah,KSA,1636.0,al-qadsiah,2026-09-14T06:51:03.945585+00:00
243,Reims,FRA,1635.0,Reims,2026-09-14T06:51:03.945585+00:00
244,Omonia,CYP,1635.0,Omonia,2026-09-14T06:51:03.945585+00:00
245,Lugano,SUI,1635.0,Lugano,2026-09-14T06:51:03.945585+00:00
246,Coquimbo,CHI,1635.0,coquimbo-unido,2026-09-14T06:51:03.945585+00:00
247,Tenerife,ESP,1633.0,Tenerife,2026-09-14T06:51:03.945585+00:00
248,Bandırmaspor,TUR,1632.0,bandirmaspor,2026-09-14T06:51:03.945585+00:00
249,Mamelodi Sundowns,RSA,1632.0,mamelodisundowns,2026-09-14T06:51:03.945585+00:00
250,Ceará,BRA,1631.0,ceara-ce,2026-09-14T06:51:03.945585+00:00
251,CR Brasil,BRA,1629.0,cr-brasil-al,2026-09-14T06:51:03.945585+00:00
252,Gent,BEL,1628.0,Gent,2026-09-14T06:51:03.945585+00:00
253,Hannover,GER,1627.0,Hannover,2026-09-14T06:51:03.945585+00:00
254,Deportivo Morón,ARG,1626.0,deportivo-moron,2026-09-14T06:51:03.945585+00:00
255,Universitario,PER,1626.0,universitario-de-deportes,2026-09-14T06:51:03.945585+00:00
256,Barracas Central,ARG,1626.0,barracas-central,2026-09-14T06:51:03.945585+00:00
257,Bucaramanga,COL,1625.0,atletico-bucaramanga,2026-09-14T06:51:03.945585+00:00
258,Once Caldas,COL,1625.0,once-caldas,2026-09-14T06:51:03.945585+00:00
259,Madryn,ARG,1624.0,deportivo-madryn,2026-09-14T06:51:03.945585+00:00
260,Platense,ARG,1623.0,platense,2026-09-14T06:51:03.945585+00:00
261,Club Nacional,PAR,1623.0,club-nacional,2026-09-14T06:51:03.945585+00:00
262,Sheffield United,ENG,1623.0,SheffieldUnited,2026-09-14T06:51:03.945585+00:00
263,Charleroi,BEL,1623.0,Charleroi,2026-09-14T06:51:03.945585+00:00
264,St Truiden,BEL,1622.0,StTruiden,2026-09-14T06:51:03.945585+00:00
265,Birmingham,ENG,1622.0,Birmingham,2026-09-14T06:51:03.945585+00:00
266,Riestra,ARG,1622.0,deportivo-riestra,2026-09-14T06:51:03.945585+00:00
267,Beer-Sheva,ISR,1621.0,Beer-Sheva,2026-09-14T06:51:03.945585+00:00
268,Granada,ESP,1621.0,Granada,2026-09-14T06:51:03.945585+00:00
269,Gijon,ESP,1621.0,Gijon,2026-09-14T06:51:03.945585+00:00
270,Guadalajara,ESP,1621.0,Guadalajara,2026-09-14T06:51:03.945585+00:00
271,Norwich,ENG,1620.0,Norwich,2026-09-14T06:51:03.945585+00:00
272,Sarmiento,ARG,1620.0,sarmiento-de-junin,2026-09-14T06:51:03.945585+00:00
273,Hammarby,SWE,1620.0,Hammarby,2026-09-14T06:51:03.945585+00:00
274,Lecce,ITA,1619.0,Lecce,2026-09-14T06:51:03.945585+00:00
275,Başakşehir,TUR,1619.0,istanbul-basaksehir,2026-09-14T06:51:03.945585+00:00
276,Goiás,BRA,1619.0,goias-go,2026-09-14T06:51:03.945585+00:00
277,Aucas,ECU,1618.0,aucas,2026-09-14T06:51:03.945585+00:00
278,Atlético Junior,COL,1618.0,atletico-junior,2026-09-14T06:51:03.945585+00:00
279,Newell\'s Old Boys,ARG,1617.0,newells-old-boys,2026-09-14T06:51:03.945585+00:00
280,Operário,BRA,1617.0,operario-ferroviario-pr,2026-09-14T06:51:03.945585+00:00
281,Vila Nova GO,BRA,1617.0,vila-nova-go,2026-09-14T06:51:03.945585+00:00
282,Central Córdoba,ARG,1617.0,central-cordoba-sde,2026-09-14T06:51:03.945585+00:00
283,FC Tokyo,JPN,1617.0,fc-tokyo,2026-09-14T06:51:03.945585+00:00
284,Jagiellonia,POL,1616.0,Jagiellonia,2026-09-14T06:51:03.945585+00:00
285,Godoy Cruz,ARG,1616.0,godoy-cruz,2026-09-14T06:51:03.945585+00:00
286,Leganes,ESP,1615.0,Leganes,2026-09-14T06:51:03.945585+00:00
287,Djurgarden,SWE,1615.0,Djurgarden,2026-09-14T06:51:03.945585+00:00
288,Tristan Suárez,ARG,1614.0,tristan-suarez,2026-09-14T06:51:03.945585+00:00
289,Angers,FRA,1613.0,Angers,2026-09-14T06:51:03.945585+00:00
290,Albacete,ESP,1613.0,Albacete,2026-09-14T06:51:03.945585+00:00
291,St Pauli,GER,1613.0,StPauli,2026-09-14T06:51:03.945585+00:00
292,Saint-Etienne,FRA,1613.0,SaintEtienne,2026-09-14T06:51:03.945585+00:00
293,Temperley,ARG,1613.0,temperley,2026-09-14T06:51:03.945585+00:00
294,Sport,BRA,1613.0,sport-recife-pe,2026-09-14T06:51:03.945585+00:00
295,Young Boys,SUI,1613.0,YoungBoys,2026-09-14T06:51:03.945585+00:00
296,Nürnberg,GER,1612.0,Nuernberg,2026-09-14T06:51:03.945585+00:00
297,Troyes,FRA,1612.0,Troyes,2026-09-14T06:51:03.945585+00:00
298,Tijuana,MEX,1611.0,club-tijuana,2026-09-14T06:51:03.945585+00:00
299,Wrexham,ENG,1611.0,Wrexham,2026-09-14T06:51:03.945585+00:00
300,Kashiwa Reysol,JPN,1611.0,kashiwa-reysol,2026-09-14T06:51:03.945585+00:00
301,Ferrocarril Midla,ARG,1611.0,lsapi-4199,2026-09-14T06:51:03.945585+00:00
302,Legia,POL,1611.0,Legia,2026-09-14T06:51:03.945585+00:00
303,Alianza Lima,PER,1611.0,alianza-lima,2026-09-14T06:51:03.945585+00:00
304,San Diego FC,USA,1611.0,san-diego-fc,2026-09-14T06:51:03.945585+00:00
305,Le Havre,FRA,1610.0,LeHavre,2026-09-14T06:51:03.945585+00:00
306,Rangers,SCO,1610.0,Rangers,2026-09-14T06:51:03.945585+00:00
307,Lincoln City,ENG,1610.0,LincolnCity,2026-09-14T06:51:03.945585+00:00
308,Cremonese,ITA,1610.0,Cremonese,2026-09-14T06:51:03.945585+00:00
309,Always Ready,BOL,1610.0,always-ready,2026-09-14T06:51:03.945585+00:00
310,The Strongest,BOL,1609.0,the-strongest,2026-09-14T06:51:03.945585+00:00
311,FC Seoul,KOR,1609.0,fc-seoul,2026-09-14T06:51:03.945585+00:00
312,Swansea,ENG,1608.0,Swansea,2026-09-14T06:51:03.945585+00:00
313,Baltika,RUS,1608.0,Baltika,2026-09-14T06:51:03.945585+00:00
314,FC Dallas,USA,1608.0,fc-dallas,2026-09-14T06:51:03.945585+00:00
315,Libertad,PAR,1607.0,libertad,2026-09-14T06:51:03.945585+00:00
316,Bochum,GER,1607.0,Bochum,2026-09-14T06:51:03.945585+00:00
317,Athletic,BRA,1607.0,athletic-mg,2026-09-14T06:51:03.945585+00:00
318,Jeonbuk FC,KOR,1607.0,jeonbuk-fc,2026-09-14T06:51:03.945585+00:00
319,Charlotte,USA,1606.0,charlotte-fc,2026-09-14T06:51:03.945585+00:00
320,Orlando City,USA,1606.0,orlando-city,2026-09-14T06:51:03.945585+00:00
321,Lautern,GER,1605.0,Lautern,2026-09-14T06:51:03.945585+00:00
322,Kawasaki Frontale,JPN,1605.0,kawasaki-frontale,2026-09-14T06:51:03.945585+00:00
323,NYC FC,USA,1604.0,new-york-city-fc,2026-09-14T06:51:03.945585+00:00
324,Houston Dynamo,USA,1603.0,houston-dynamo,2026-09-14T06:51:03.945585+00:00
325,Cincinnati,USA,1603.0,fc-cincinnati,2026-09-14T06:51:03.945585+00:00
326,GE Jujuy,ARG,1603.0,gimnasia-de-jujuy,2026-09-14T06:51:03.945585+00:00
327,Aarhus,DEN,1602.0,Aarhus,2026-09-14T06:51:03.945585+00:00
328,Famalicao,POR,1602.0,Famalicao,2026-09-14T06:51:03.945585+00:00
329,Paphos,CYP,1602.0,Paphos,2026-09-14T06:51:03.945585+00:00
330,Seattle Sounders,USA,1602.0,seattlesounders,2026-09-14T06:51:03.945585+00:00
331,Maccabi Tel Aviv,ISR,1602.0,MTelAviv,2026-09-14T06:51:03.945585+00:00
332,Torque,URU,1602.0,montevideo-city-torque,2026-09-14T06:51:03.945585+00:00
333,Karabakh Agdam,AZE,1600.0,KarabakhAgdam,2026-09-14T06:51:03.945585+00:00
334,Guaraní,PAR,1600.0,guarani,2026-09-14T06:51:03.945585+00:00
335,Göztepe,TUR,1600.0,Goeztepe,2026-09-14T06:51:03.945585+00:00
336,Samsunspor,TUR,1599.0,Samsunspor,2026-09-14T06:51:03.945585+00:00
337,St. Louis City,USA,1598.0,st-louis-city-sc,2026-09-14T06:51:03.945585+00:00
338,Sportivo Triniden,PAR,1598.0,sportivo-trinidense,2026-09-14T06:51:03.945585+00:00
339,San Juan,ARG,1597.0,san-martin-de-san-juan,2026-09-14T06:51:03.945585+00:00
340,Al Ahly,EGY,1596.0,alahly,2026-09-14T06:51:03.945585+00:00
341,Liverpool,URU,1595.0,LiverpoolUY,2026-09-14T06:51:03.945585+00:00
342,Al Ittihad,KSA,1595.0,al-ittihad_2,2026-09-14T06:51:03.945585+00:00
343,Banfield,ARG,1594.0,banfield,2026-09-14T06:51:03.945585+00:00
344,West Brom,ENG,1594.0,WestBrom,2026-09-14T06:51:03.945585+00:00
345,Cordoba,ESP,1593.0,Cordoba,2026-09-14T06:51:03.945585+00:00
346,FC Andorra,ESP,1593.0,fc-andorra,2026-09-14T06:51:03.945585+00:00
347,Rakow,POL,1593.0,Rakow,2026-09-14T06:51:03.945585+00:00
348,Villarreal B,ESP,1593.0,VillarrealB,2026-09-14T06:51:03.945585+00:00
349,Larnaca,CYP,1592.0,Larnaca,2026-09-14T06:51:03.945585+00:00
350,Eldense,ESP,1591.0,Eldense,2026-09-14T06:51:03.945585+00:00
351,Nijmegen,NED,1591.0,Nijmegen,2026-09-14T06:51:03.945585+00:00
352,São Bernardo,BRA,1591.0,sao-bernardo-fc-sp,2026-09-14T06:51:03.945585+00:00
353,Chicago Fire,USA,1591.0,chicago-fire,2026-09-14T06:51:03.945585+00:00
354,Gimnasia y Tiro d,ARG,1591.0,gimnasia-y-tiro-de-salta,2026-09-14T06:51:03.945585+00:00
355,RC Celta B,ESP,1590.0,rc-celta-b,2026-09-14T06:51:03.945585+00:00
356,Chapecoense,BRA,1590.0,chapecoense,2026-09-14T06:51:03.945585+00:00
357,Cerezo Osaka,JPN,1590.0,cerezo-osaka,2026-09-14T06:51:03.945585+00:00
358,Rostov,RUS,1590.0,Rostov,2026-09-14T06:51:03.945585+00:00
359,Ferro,ARG,1590.0,ferro-carril-oeste,2026-09-14T06:51:03.945585+00:00
360,Darmstadt,GER,1590.0,Darmstadt,2026-09-14T06:51:03.945585+00:00
361,Hajduk,CRO,1589.0,Hajduk,2026-09-14T06:51:03.945585+00:00
362,O\'Higgins,CHI,1588.0,ohiggins,2026-09-14T06:51:03.945585+00:00
363,Le Mans,FRA,1588.0,LeMans,2026-09-14T06:51:03.945585+00:00
364,St. Gallen,SUI,1588.0,StGallen,2026-09-14T06:51:03.945585+00:00
365,Yokohama F. Marin,JPN,1588.0,yokohama-f-marinos,2026-09-14T06:51:03.945585+00:00
366,Holstein,GER,1588.0,Holstein,2026-09-14T06:51:03.945585+00:00
367,Standard,BEL,1588.0,Standard,2026-09-14T06:51:03.945585+00:00
368,Racing,URU,1587.0,racing_2,2026-09-14T06:51:03.945585+00:00
369,Libertad de Loja,ECU,1587.0,libertad-de-loja,2026-09-14T06:51:03.945585+00:00
370,Audax Italiano,CHI,1587.0,audax-italiano,2026-09-14T06:51:03.945585+00:00
371,Cannes,FRA,1587.0,lsapi-7252,2026-09-14T06:51:03.945585+00:00
372,Pyramids FC,EGY,1587.0,pyramids-fc,2026-09-14T06:51:03.945585+00:00
373,Real Sociedad B,ESP,1587.0,SociedadB,2026-09-14T06:51:03.945585+00:00
374,Brondby,DEN,1586.0,Brondby,2026-09-14T06:51:03.945585+00:00
375,SM Tucuman,ARG,1586.0,san-martin-de-tucuman,2026-09-14T06:51:03.945585+00:00
376,Antwerp,BEL,1586.0,Antwerp,2026-09-14T06:51:03.945585+00:00
377,Avaí,BRA,1584.0,avai-sc,2026-09-14T06:51:03.945585+00:00
378,Gornik,POL,1584.0,Gornik,2026-09-14T06:51:03.945585+00:00
379,Bristol City,ENG,1584.0,BristolCity,2026-09-14T06:51:03.945585+00:00
380,Levski,BUL,1583.0,Levski,2026-09-14T06:51:03.945585+00:00
381,Rubin Kazan,RUS,1583.0,RubinKazan,2026-09-14T06:51:03.945585+00:00
382,Columbus,USA,1583.0,columbus-crew,2026-09-14T06:51:03.945585+00:00
383,Çorum FK,TUR,1583.0,corum-fk,2026-09-14T06:51:03.945585+00:00
384,Leicester,ENG,1582.0,Leicester,2026-09-14T06:51:03.945585+00:00
385,Sion,SUI,1581.0,Sion,2026-09-14T06:51:03.945585+00:00
386,Brann,NOR,1581.0,Brann,2026-09-14T06:51:03.945585+00:00
387,Magdeburg,GER,1581.0,Magdeburg,2026-09-14T06:51:03.945585+00:00
388,Utrecht,NED,1581.0,Utrecht,2026-09-14T06:51:03.945585+00:00
389,Catanzaro,ITA,1580.0,Catanzaro,2026-09-14T06:51:03.945585+00:00
390,Querétaro,MEX,1579.0,gallos-blancos,2026-09-14T06:51:03.945585+00:00
391,Sabadell,ESP,1578.0,Sabadell,2026-09-14T06:51:03.945585+00:00
392,Montpellier,FRA,1578.0,Montpellier,2026-09-14T06:51:03.945585+00:00
393,Tractor Sazi,IRN,1577.0,tractor-sazi,2026-09-14T06:51:03.945585+00:00
394,Urawa Reds,JPN,1577.0,urawareds,2026-09-14T06:51:03.945585+00:00
395,Juventud Torremol,ESP,1577.0,juventud-torremolinos,2026-09-14T06:51:03.945585+00:00
396,Estudiantes de Ca,ARG,1577.0,estudiantes-de-caseros,2026-09-14T06:51:03.945585+00:00
397,Kocaelispor,TUR,1576.0,Kocaelispor,2026-09-14T06:51:03.945585+00:00
399,Blackburn,ENG,1576.0,Blackburn,2026-09-14T06:51:03.945585+00:00
400,Verona,ITA,1576.0,Verona,2026-09-14T06:51:03.945585+00:00
401,Pogon,POL,1576.0,Pogon,2026-09-14T06:51:03.945585+00:00
402,Craiova,ROU,1575.0,Craiova,2026-09-14T06:51:03.945585+00:00
403,Gamba Osaka,JPN,1575.0,gamba-osaka,2026-09-14T06:51:03.945585+00:00
404,Zulte Waregem,BEL,1575.0,ZulteWaregem,2026-09-14T06:51:03.945585+00:00
405,Emelec,ECU,1575.0,emelec,2026-09-14T06:51:03.945585+00:00
406,Minnesota Utd,USA,1575.0,minnesota-united-fc,2026-09-14T06:51:03.945585+00:00
407,Mirandes,ESP,1575.0,Mirandes,2026-09-14T06:51:03.945585+00:00
408,Deportivo Cali,COL,1574.0,deportivo-cali,2026-09-14T06:51:03.945585+00:00
409,QPR,ENG,1574.0,QPR,2026-09-14T06:51:03.945585+00:00
410,Metz,FRA,1574.0,Metz,2026-09-14T06:51:03.945585+00:00
411,Real Jaen,ESP,1573.0,lsapi-5548,2026-09-14T06:51:03.945585+00:00
412,Guayaquil,ECU,1573.0,guayaquil-city,2026-09-14T06:51:03.945585+00:00
413,Erzurum,TUR,1573.0,ErzurumBB,2026-09-14T06:51:03.945585+00:00
414,Rodez,FRA,1573.0,Rodez,2026-09-14T06:51:03.945585+00:00
415,Dynamo Kyiv,UKR,1573.0,DynamoKyiv,2026-09-14T06:51:03.945585+00:00
416,Maipú,ARG,1573.0,deportivo-maipu,2026-09-14T06:51:03.945585+00:00
417,Karlsruhe,GER,1572.0,Karlsruhe,2026-09-14T06:51:03.945585+00:00
418,Bodrum,TUR,1572.0,bodrum-fk,2026-09-14T06:51:03.945585+00:00
419,Hradec Kralove,CZE,1572.0,HradecKralove,2026-09-14T06:51:03.945585+00:00
420,Nantes,FRA,1572.0,Nantes,2026-09-14T06:51:03.945585+00:00
421,Viborg,DEN,1571.0,Viborg,2026-09-14T06:51:03.945585+00:00
422,Bielefeld,GER,1571.0,Bielefeld,2026-09-14T06:51:03.945585+00:00
423,Portland Timbers,USA,1571.0,portland-timbers,2026-09-14T06:51:03.945585+00:00
424,Palestino,CHI,1571.0,palestino,2026-09-14T06:51:03.945585+00:00
425,Mushuc Runa,ECU,1571.0,mushuc-runa,2026-09-14T06:51:03.945585+00:00
426,Atletico B,ESP,1570.0,AtleticoB,2026-09-14T06:51:03.945585+00:00
427,NE Revolution,USA,1570.0,new-england-revolution,2026-09-14T06:51:03.945585+00:00
428,Ponferradina,ESP,1570.0,Ponferradina,2026-09-14T06:51:03.945585+00:00
429,Molde,NOR,1569.0,Molde,2026-09-14T06:51:03.945585+00:00
430,Basel,SUI,1569.0,fc-basel-1893,2026-09-14T06:51:03.945585+00:00
431,Thun,SUI,1569.0,Thun,2026-09-14T06:51:03.945585+00:00
432,FAR,MAR,1569.0,far-de-rabat,2026-09-14T06:51:03.945585+00:00
433,Atlanta,ARG,1569.0,atlanta,2026-09-14T06:51:03.945585+00:00
434,Guimaraes,POR,1569.0,Guimaraes,2026-09-14T06:51:03.945585+00:00
435,Alanyaspor,TUR,1569.0,Alanyaspor,2026-09-14T06:51:03.945585+00:00
436,Ferroviária SP,BRA,1569.0,ferroviaria-sp,2026-09-14T06:51:03.945585+00:00
437,Tromsø,NOR,1568.0,Tromso,2026-09-14T06:51:03.945585+00:00
438,Santa Clara,POR,1568.0,SantaClara,2026-09-14T06:51:03.945585+00:00
439,Ñublense,CHI,1568.0,nublense,2026-09-14T06:51:03.945585+00:00
440,Leones del Norte,ECU,1567.0,leones-del-norte,2026-09-14T06:51:03.945585+00:00
441,Derby,ENG,1567.0,Derby,2026-09-14T06:51:03.945585+00:00
442,Sirius,SWE,1567.0,IKSirius,2026-09-14T06:51:03.945585+00:00
443,Kasimpasa,TUR,1566.0,Kasimpasa,2026-09-14T06:51:03.945585+00:00
444,Red Star,FRA,1566.0,RedStar,2026-09-14T06:51:03.945585+00:00
445,Gangwon FC,KOR,1566.0,gangwon-fc,2026-09-14T06:51:03.945585+00:00
446,Rapid Wien,AUT,1566.0,RapidWien,2026-09-14T06:51:03.945585+00:00
447,Johor Darul Ta’zi,MAS,1566.0,johor-darul-tazim,2026-09-14T06:51:03.945585+00:00
448,Genclerbirligi,TUR,1565.0,Genclerbirligi,2026-09-14T06:51:03.945585+00:00
449,Westerlo,BEL,1565.0,Westerlo,2026-09-14T06:51:03.945585+00:00
450,Rizespor,TUR,1565.0,Rizespor,2026-09-14T06:51:03.945585+00:00
451,Malmö,SWE,1564.0,Malmoe,2026-09-14T06:51:03.945585+00:00
452,Gil Vicente,POR,1564.0,GilVicente,2026-09-14T06:51:03.945585+00:00
453,Orlando Pirates,RSA,1564.0,orlando-pirates,2026-09-14T06:51:03.945585+00:00
454,Rosenborg,NOR,1564.0,Rosenborg,2026-09-14T06:51:03.945585+00:00
455,Colegiales de Mun,ARG,1563.0,colegiales-de-munro,2026-09-14T06:51:03.945585+00:00
456,Real Madrid B,ESP,1563.0,RealMadridB,2026-09-14T06:51:03.945585+00:00
457,Sportivo Ameliano,PAR,1563.0,sportivo-ameliano,2026-09-14T06:51:03.945585+00:00
458,Fagiano Okayama,JPN,1563.0,fagiano-okayama,2026-09-14T06:51:03.945585+00:00
459,Limache,CHI,1563.0,limache,2026-09-14T06:51:03.945585+00:00
460,Annecy,FRA,1563.0,Annecy,2026-09-14T06:51:03.945585+00:00
461,Cardiff,ENG,1563.0,Cardiff,2026-09-14T06:51:03.945585+00:00
462,Botafogo SP,BRA,1562.0,BotafogoSP,2026-09-14T06:51:03.945585+00:00
463,San Jose,USA,1562.0,san-jose-earthquakes,2026-09-14T06:51:03.945585+00:00
464,Arouca,POR,1562.0,Arouca,2026-09-14T06:51:03.945585+00:00
465,Atlas,MEX,1562.0,atlas-guadalajara,2026-09-14T06:51:03.945585+00:00
466,Dresden,GER,1562.0,Dresden,2026-09-14T06:51:03.945585+00:00
467,Aldosivi,ARG,1562.0,aldosivi,2026-09-14T06:51:03.945585+00:00
468,Everton,CHI,1562.0,everton_11,2026-09-14T06:51:03.945585+00:00
469,Shabab Al Ahli Cl,UAE,1561.0,shabab-al-ahli-club,2026-09-14T06:51:03.945585+00:00
470,Gyoer,HUN,1561.0,Gyoer,2026-09-14T06:51:03.945585+00:00
471,Daejeon Hana Citi,KOR,1560.0,daejeon-hana-citizen,2026-09-14T06:51:03.945585+00:00
472,Pontevedra,ESP,1560.0,Pontevedra,2026-09-14T06:51:03.945585+00:00
473,Sabah FK,AZE,1560.0,sabah-fk,2026-09-14T06:51:03.945585+00:00
474,CA Ceuta,ESP,1560.0,ad-ceuta-fc,2026-09-14T06:51:03.945585+00:00
475,Terek Grozny,RUS,1559.0,TerekGrozny,2026-09-14T06:51:03.945585+00:00
476,Botafogo PB,BRA,1558.0,lsapi-3987,2026-09-14T06:51:03.945585+00:00
477,Al Sadd,QAT,1558.0,al-sadd,2026-09-14T06:51:03.945585+00:00
478,Maldonado,URU,1558.0,Maldonado,2026-09-14T06:51:03.945585+00:00
479,Orense,ECU,1557.0,orense-sc,2026-09-14T06:51:03.945585+00:00
480,Düsseldorf,GER,1557.0,Duesseldorf,2026-09-14T06:51:03.945585+00:00
481,Nagoya Grampus,JPN,1557.0,nagoya-grampus,2026-09-14T06:51:03.945585+00:00
482,Águilas Doradas,COL,1557.0,aguilas-doradas,2026-09-14T06:51:03.945585+00:00
483,Huesca,ESP,1557.0,Huesca,2026-09-14T06:51:03.945585+00:00
484,Vicenza,ITA,1557.0,l-r-vicenza,2026-09-14T06:51:03.945585+00:00
485,Quilmes,ARG,1556.0,quilmes,2026-09-14T06:51:03.945585+00:00
486,Portsmouth,ENG,1555.0,Portsmouth,2026-09-14T06:51:03.945585+00:00
487,2 de Mayo,PAR,1555.0,2-de-mayo,2026-09-14T06:51:03.945585+00:00
488,Colón de Santa Fe,ARG,1555.0,colon-de-santa-fe,2026-09-14T06:51:03.945585+00:00
489,Stoke,ENG,1554.0,Stoke,2026-09-14T06:51:03.945585+00:00
490,Figueirense,BRA,1554.0,lsapi-452,2026-09-14T06:51:03.945585+00:00
491,Osnabrück,GER,1554.0,Osnabrueck,2026-09-14T06:51:03.945585+00:00
492,Colorado Rapids,USA,1554.0,colorado-rapids,2026-09-14T06:51:03.945585+00:00
493,Cadiz,ESP,1554.0,Cadiz,2026-09-14T06:51:03.945585+00:00
494,Almirante Brown,ARG,1553.0,almirante-brown,2026-09-14T06:51:03.945585+00:00
495,Melgar,PER,1553.0,fbc-melgar,2026-09-14T06:51:03.945585+00:00
496,Servette FC,SUI,1552.0,servette-fc,2026-09-14T06:51:03.945585+00:00
497,Deportivo Sapriss,CRC,1552.0,deportivo-saprissa,2026-09-14T06:51:03.945585+00:00
498,Slovan,SVK,1552.0,SlovanBratislava,2026-09-14T06:51:03.945585+00:00
499,Modena,ITA,1552.0,Modena,2026-09-14T06:51:03.945585+00:00
500,Charlton,ENG,1552.0,Charlton,2026-09-14T06:51:03.945585+00:00
501,Slovan Liberec,CZE,1551.0,SlovanLiberec,2026-09-14T06:51:03.945585+00:00
502,Necaxa,MEX,1551.0,club-necaxa,2026-09-14T06:51:03.945585+00:00
503,Stockport,ENG,1551.0,Stockport,2026-09-14T06:51:03.945585+00:00
504,León,MEX,1551.0,club-leon,2026-09-14T06:51:03.945585+00:00
505,Real Salt Lake,USA,1551.0,real-salt-lake,2026-09-14T06:51:03.945585+00:00
506,Central Español,URU,1551.0,central-espanol,2026-09-14T06:51:03.945585+00:00
507,Hearts,SCO,1550.0,Hearts,2026-09-14T06:51:03.945585+00:00
508,Go Ahead Eagles,NED,1550.0,GoAheadEagles,2026-09-14T06:51:03.945585+00:00
509,Barcelona B,ESP,1550.0,BarcelonaB,2026-09-14T06:51:03.945585+00:00
510,Deportes Concepci,CHI,1550.0,deportes-concepcion,2026-09-14T06:51:03.945585+00:00
511,Río Cuarto,ARG,1550.0,estudiantes-de-rio-cuarto,2026-09-14T06:51:03.945585+00:00
512,Chengdu Rongcheng,CHN,1550.0,chengdu-rongcheng,2026-09-14T06:51:03.945585+00:00
513,Luton,ENG,1549.0,Luton,2026-09-14T06:51:03.945585+00:00
514,Cottbus,GER,1549.0,Cottbus,2026-09-14T06:51:03.945585+00:00
515,Zamora,ESP,1549.0,zamora-cf,2026-09-14T06:51:03.945585+00:00
516,Ulsan,KOR,1549.0,ulsan,2026-09-14T06:51:03.945585+00:00
517,San Luis,MEX,1549.0,atletico-san-luis,2026-09-14T06:51:03.945585+00:00
518,Razgrad,BUL,1549.0,Razgrad,2026-09-14T06:51:03.945585+00:00
519,Katowice,POL,1547.0,Katowice,2026-09-14T06:51:03.945585+00:00
520,Benevento,ITA,1547.0,Benevento,2026-09-14T06:51:03.945585+00:00
521,Austria Wien,AUT,1547.0,AustriaWien,2026-09-14T06:51:03.945585+00:00
522,Elfsborg,SWE,1547.0,Elfsborg,2026-09-14T06:51:03.945585+00:00
523,Guarani,BRA,1547.0,guarani-sp,2026-09-14T06:51:03.945585+00:00
524,Cercle Brugge,BEL,1547.0,CercleBrugge,2026-09-14T06:51:03.945585+00:00
525,América Mineiro,BRA,1546.0,america-mg,2026-09-14T06:51:03.945585+00:00
526,Kyoto Purple Sang,JPN,1546.0,kyoto-sanga-fc,2026-09-14T06:51:03.945585+00:00
527,Austin,USA,1545.0,austin-fc,2026-09-14T06:51:03.945585+00:00
528,CE Europa,ESP,1545.0,ce-europa,2026-09-14T06:51:03.945585+00:00
529,Mechelen,BEL,1545.0,Mechelen,2026-09-14T06:51:03.945585+00:00
530,Plymouth,ENG,1545.0,Plymouth,2026-09-14T06:51:03.945585+00:00
531,Empoli,ITA,1545.0,Empoli,2026-09-14T06:51:03.945585+00:00
532,Persepolis,IRN,1545.0,persepolis,2026-09-14T06:51:03.945585+00:00
533,Sporting Cristal,PER,1545.0,sporting-cristal,2026-09-14T06:51:03.945585+00:00
534,Thionville Lusita,FRA,1545.0,lsapi-8644,2026-09-14T06:51:03.945585+00:00
535,Pisa,ITA,1545.0,pisa-sc,2026-09-14T06:51:03.945585+00:00
536,Cuenca,ECU,1544.0,deportivo-cuenca,2026-09-14T06:51:03.945585+00:00
537,UD Ibiza,ESP,1544.0,ud-ibiza,2026-09-14T06:51:03.945585+00:00
538,Fortaleza,COL,1544.0,fortaleza-fc,2026-09-14T06:51:03.945585+00:00
539,LD Alajuelense,CRC,1544.0,ld-alajuelense,2026-09-14T06:51:03.945585+00:00
540,Atlante,MEX,1544.0,lsapi-1047,2026-09-14T06:51:03.945585+00:00
541,Valladolid,ESP,1543.0,Valladolid,2026-09-14T06:51:03.945585+00:00
542,Polissya Zhytomyr,UKR,1543.0,polissya-zhytomyr,2026-09-14T06:51:03.945585+00:00
543,LA Galaxy,USA,1543.0,los-angeles-galaxy,2026-09-14T06:51:03.945585+00:00
544,GAIS,SWE,1543.0,GAIS,2026-09-14T06:51:03.945585+00:00
545,Kryliya Sovetov,RUS,1542.0,KryliyaSovetov,2026-09-14T06:51:03.945585+00:00
546,Mantova,ITA,1542.0,mantova-1911-ssd,2026-09-14T06:51:03.945585+00:00
547,ES Tunis,TUN,1542.0,estunis,2026-09-14T06:51:03.945585+00:00
548,Rijeka,CRO,1542.0,Rijeka,2026-09-14T06:51:03.945585+00:00
549,Heerenveen,NED,1541.0,Heerenveen,2026-09-14T06:51:03.945585+00:00
550,Iraklis,GRE,1541.0,Iraklis,2026-09-14T06:51:03.945585+00:00
551,New York RB,USA,1541.0,new-york-rb,2026-09-14T06:51:03.945585+00:00
552,Gaziantep,TUR,1541.0,GaziantepFK,2026-09-14T06:51:03.945585+00:00
553,Murcia,ESP,1541.0,Murcia,2026-09-14T06:51:03.945585+00:00
554,Huachipato,CHI,1540.0,huachipato,2026-09-14T06:51:03.945585+00:00
555,Jablonec,CZE,1540.0,Jablonec,2026-09-14T06:51:03.945585+00:00
556,Berkane,MAR,1540.0,rs-berkane,2026-09-14T06:51:03.945585+00:00
557,Al Ain,UAE,1540.0,alain,2026-09-14T06:51:03.945585+00:00
558,Brusque,BRA,1540.0,brusque-sc,2026-09-14T06:51:03.945585+00:00
559,Zaragoza,ESP,1539.0,Zaragoza,2026-09-14T06:51:03.945585+00:00
560,Wisla,POL,1539.0,Wisla,2026-09-14T06:51:03.945585+00:00
561,Dunkerque,FRA,1538.0,Dunkerque,2026-09-14T06:51:03.945585+00:00
562,Agropecuario,ARG,1538.0,agropecuario-argentino,2026-09-14T06:51:03.945585+00:00
563,Dijon,FRA,1538.0,Dijon,2026-09-14T06:51:03.945585+00:00
564,Deportivo Táchira,VEN,1538.0,deportivo-tachira,2026-09-14T06:51:03.945585+00:00
565,Raja,MAR,1538.0,raja-casablanca,2026-09-14T06:51:03.945585+00:00
566,Moreirense,POR,1537.0,Moreirense,2026-09-14T06:51:03.945585+00:00
567,Verl,GER,1537.0,sc-verl,2026-09-14T06:51:03.945585+00:00
568,CS Herediano,CRC,1537.0,cs-herediano,2026-09-14T06:51:03.945585+00:00
569,Maccabi Haifa,ISR,1537.0,MaccabiHaifa,2026-09-14T06:51:03.945585+00:00
570,Gimcheon Sangmu,KOR,1537.0,gimcheon-sangmu,2026-09-14T06:51:03.945585+00:00
571,Deportivo Recolet,PAR,1536.0,deportivorecoleta,2026-09-14T06:51:03.945585+00:00
572,Auckland FC,AUS,1536.0,auckland-fc,2026-09-14T06:51:03.945585+00:00
573,Inter de Limeira,BRA,1536.0,inter-de-limeira-sp,2026-09-14T06:51:03.945585+00:00
574,AIK,SWE,1536.0,AIK,2026-09-14T06:51:03.945585+00:00
575,CFR Cluj,ROU,1536.0,CFRCluj,2026-09-14T06:51:03.945585+00:00
576,Oxford,ENG,1535.0,Oxford,2026-09-14T06:51:03.945585+00:00
577,Spezia,ITA,1535.0,Spezia,2026-09-14T06:51:03.945585+00:00
578,Real Garcilaso,PER,1535.0,cusco-fc,2026-09-14T06:51:03.945585+00:00
579,Defensor,URU,1534.0,Defensor,2026-09-14T06:51:03.945585+00:00
580,Chaco For Ever,ARG,1534.0,chaco-for-ever,2026-09-14T06:51:03.945585+00:00
581,Union Brescia,ITA,1534.0,lsapi-8357,2026-09-14T06:51:03.945585+00:00
582,Santa Cruz,BRA,1534.0,lsapi-3994,2026-09-14T06:51:03.945585+00:00
583,Rostock,GER,1534.0,Rostock,2026-09-14T06:51:03.945585+00:00
584,Maringá PR,BRA,1534.0,lsapi-6763,2026-09-14T06:51:03.945585+00:00
585,Juventud,URU,1534.0,juventud-de-las-piedras,2026-09-14T06:51:03.945585+00:00
586,Mjällby,SWE,1534.0,Mjaellby,2026-09-14T06:51:03.945585+00:00
587,Korona,POL,1533.0,Korona,2026-09-14T06:51:03.945585+00:00
588,Tarragona,ESP,1533.0,gimnastic-de-tarragona,2026-09-14T06:51:03.945585+00:00
589,Llaneros,COL,1533.0,llaneros-fc,2026-09-14T06:51:03.945585+00:00
590,Carabobo FC,VEN,1533.0,carabobo-fc,2026-09-14T06:51:03.945585+00:00
591,Konyaspor,TUR,1533.0,Konyaspor,2026-09-14T06:51:03.945585+00:00
592,Juve Stabia,ITA,1532.0,JuveStabia,2026-09-14T06:51:03.945585+00:00
593,Aachen,GER,1532.0,Aachen,2026-09-14T06:51:03.945585+00:00
594,Barakaldo,ESP,1532.0,Barakaldo,2026-09-14T06:51:03.945585+00:00
595,Essen,GER,1531.0,Essen,2026-09-14T06:51:03.945585+00:00
596,Cerro Largo,URU,1531.0,cerro-largo,2026-09-14T06:51:03.945585+00:00
597,Londrina,BRA,1531.0,londrina-pr,2026-09-14T06:51:03.945585+00:00
598,Alverca,POR,1531.0,Alverca,2026-09-14T06:51:03.945585+00:00
599,Watford,ENG,1531.0,Watford,2026-09-14T06:51:03.945585+00:00
600,Beitar,ISR,1531.0,Beitar,2026-09-14T06:51:03.945585+00:00
601,Apollon Lemesos,CYP,1531.0,ApollonLemesos,2026-09-14T06:51:03.945585+00:00
602,Defensores de Bel,ARG,1531.0,defensores-de-belgrano,2026-09-14T06:51:03.945585+00:00
603,Eyupspor,TUR,1531.0,Eyupspor,2026-09-14T06:51:03.945585+00:00
604,Sant Andreu,ESP,1531.0,SantAndreu,2026-09-14T06:51:03.945585+00:00
605,Cultural Leonesa,ESP,1530.0,cultural-leonesa,2026-09-14T06:51:03.945585+00:00
606,Guingamp,FRA,1530.0,Guingamp,2026-09-14T06:51:03.945585+00:00
607,Lillestrøm,NOR,1530.0,Lillestrom,2026-09-14T06:51:03.945585+00:00
608,CA Los Andes,ARG,1530.0,ca-los-andes,2026-09-14T06:51:03.945585+00:00
609,Lubin,POL,1529.0,Lubin,2026-09-14T06:51:03.945585+00:00
610,Avellino,ITA,1529.0,us-avellino,2026-09-14T06:51:03.945585+00:00
611,Ascoli,ITA,1529.0,Ascoli,2026-09-14T06:51:03.945585+00:00
612,Bolton,ENG,1528.0,Bolton,2026-09-14T06:51:03.945585+00:00
613,Südtirol,ITA,1528.0,Suedtirol,2026-09-14T06:51:03.945585+00:00
614,Ciudad de Bolívar,ARG,1528.0,lsapi-6893,2026-09-14T06:51:03.945585+00:00
615,Numancia,ESP,1527.0,Numancia,2026-09-14T06:51:03.945585+00:00
616,Piast Gliwice,POL,1527.0,PiastGliwice,2026-09-14T06:51:03.945585+00:00
617,Fürth,GER,1527.0,Fuerth,2026-09-14T06:51:03.945585+00:00
618,Aris Limassol,CYP,1527.0,aris-limassol,2026-09-14T06:51:03.945585+00:00
619,Hartberg,AUT,1527.0,Hartberg,2026-09-14T06:51:03.945585+00:00
620,Cienciano,PER,1527.0,cienciano,2026-09-14T06:51:03.945585+00:00
621,Rouen,FRA,1527.0,Rouen,2026-09-14T06:51:03.945585+00:00
622,Incheon United,KOR,1526.0,incheon-united,2026-09-14T06:51:03.945585+00:00
623,FC DAC 1904,SVK,1526.0,fc-dac-1904,2026-09-14T06:51:03.945585+00:00
624,CSA AL,BRA,1526.0,csa-al,2026-09-14T06:51:03.945585+00:00
625,Shanghai Port FC,CHN,1526.0,shanghai-port-fc,2026-09-14T06:51:03.945585+00:00
626,Alcorcon,ESP,1525.0,Alcorcon,2026-09-14T06:51:03.945585+00:00
627,Boston River,URU,1525.0,boston-river,2026-09-14T06:51:03.945585+00:00
628,Makhachkala,RUS,1525.0,fk-dinamo-makhachkala,2026-09-14T06:51:03.945585+00:00
629,Beijing Guoan,CHN,1525.0,beijing-guoan,2026-09-14T06:51:03.945585+00:00
630,Aarau,SUI,1525.0,Aarau,2026-09-14T06:51:03.945585+00:00
631,Esteghlal,IRN,1525.0,esteghlal,2026-09-14T06:51:03.945585+00:00
632,Toronto FC,USA,1525.0,toronto-fc,2026-09-14T06:51:03.945585+00:00
633,Ourense,ESP,1525.0,ourense-cf,2026-09-14T06:51:03.945585+00:00
634,Buriram United,THA,1524.0,buriram-united,2026-09-14T06:51:03.945585+00:00
635,Hapoel Tel Aviv,ISR,1524.0,HTelAviv,2026-09-14T06:51:03.945585+00:00
636,Patronato,ARG,1524.0,patronato-de-parana,2026-09-14T06:51:03.945585+00:00
637,Pasto,COL,1524.0,deportivo-pasto,2026-09-14T06:51:03.945585+00:00
638,Preston,ENG,1524.0,Preston,2026-09-14T06:51:03.945585+00:00
639,FC La Unión Atlét,ESP,1523.0,fc-la-union-atletico,2026-09-14T06:51:03.945585+00:00
640,Pohang Steelers,KOR,1523.0,pohang-steelers,2026-09-14T06:51:03.945585+00:00
641,Estoril,POR,1523.0,Estoril,2026-09-14T06:51:03.945585+00:00
642,Aris,GRE,1523.0,Aris,2026-09-14T06:51:03.945585+00:00
643,Häcken,SWE,1523.0,Haecken,2026-09-14T06:51:03.945585+00:00
644,Jeju SK FC,KOR,1523.0,jeju-sk-fc,2026-09-14T06:51:03.945585+00:00
645,Cesena,ITA,1523.0,cesena-fc,2026-09-14T06:51:03.945585+00:00
646,Maranhao,BRA,1523.0,lsapi-7624,2026-09-14T06:51:03.945585+00:00
647,Shimizu S-Pulse,JPN,1522.0,shimizu-s-pulse,2026-09-14T06:51:03.945585+00:00
648,Zamalek,EGY,1522.0,zamalek,2026-09-14T06:51:03.945585+00:00
649,Luzern,SUI,1521.0,Luzern,2026-09-14T06:51:03.945585+00:00
650,Avispa Fukuoka,JPN,1521.0,avispa-fukuoka,2026-09-14T06:51:03.945585+00:00
651,Wanderers,URU,1521.0,MontevideoWanderers,2026-09-14T06:51:03.945585+00:00
652,Floresta,BRA,1521.0,lsapi-6896,2026-09-14T06:51:03.945585+00:00
653,Retrô - PE,BRA,1520.0,retro-pe,2026-09-14T06:51:03.945585+00:00
654,SD Tarazona,ESP,1520.0,sd-tarazona,2026-09-14T06:51:03.945585+00:00
655,Groningen,NED,1520.0,Groningen,2026-09-14T06:51:03.945585+00:00
656,Antequera,ESP,1520.0,antequera-cf,2026-09-14T06:51:03.945585+00:00
657,Unión Magdalena,COL,1520.0,union-magdalena,2026-09-14T06:51:03.945585+00:00
658,FC Fleury 91,FRA,1520.0,fc-fleury-91,2026-09-14T06:51:03.945585+00:00
659,Real Potosi,BOL,1519.0,lsapi-277,2026-09-14T06:51:03.945585+00:00
660,Atlético Rafaela,ARG,1519.0,atletico-rafaela,2026-09-14T06:51:03.945585+00:00
661,Amazonas,BRA,1519.0,amazonas-fc-am,2026-09-14T06:51:03.945585+00:00
662,Nueva Chicago,ARG,1519.0,nueva-chicago,2026-09-14T06:51:03.945585+00:00
663,Inter Turku,FIN,1519.0,InterTurku,2026-09-14T06:51:03.945585+00:00
664,Arezzo,ITA,1519.0,Arezzo,2026-09-14T06:51:03.945585+00:00
665,Reading,ENG,1518.0,Reading,2026-09-14T06:51:03.945585+00:00
666,Celje,SVN,1518.0,Celje,2026-09-14T06:51:03.945585+00:00
667,Randers,DEN,1518.0,Randers,2026-09-14T06:51:03.945585+00:00
668,Albion,URU,1518.0,albion,2026-09-14T06:51:03.945585+00:00
669,Lugo,ESP,1518.0,Lugo,2026-09-14T06:51:03.945585+00:00
670,Mitre de SdE,ARG,1518.0,mitre-de-sde,2026-09-14T06:51:03.945585+00:00
671,Vikingur,ISL,1518.0,Vikingur,2026-09-14T06:51:03.945585+00:00
672,Athletic Club B,ESP,1518.0,athletic-club-b,2026-09-14T06:51:03.945585+00:00
673,Sigma Olomouc,CZE,1517.0,SigmaOlomouc,2026-09-14T06:51:03.945585+00:00
674,All Boys,ARG,1517.0,all-boys,2026-09-14T06:51:03.945585+00:00
675,V-Varen Nagasaki,JPN,1517.0,v-varen-nagasaki,2026-09-14T06:51:03.945585+00:00
676,Sochaux,FRA,1516.0,Sochaux,2026-09-14T06:51:03.945585+00:00
677,San Miguel,ARG,1516.0,atletico-san-miguel,2026-09-14T06:51:03.945585+00:00
678,Padova,ITA,1516.0,Padova,2026-09-14T06:51:03.945585+00:00
679,Huddersfield,ENG,1516.0,Huddersfield,2026-09-14T06:51:03.945585+00:00
680,Braunschweig,GER,1515.0,Braunschweig,2026-09-14T06:51:03.945585+00:00
681,Cartagena,ESP,1514.0,Cartagena,2026-09-14T06:51:03.945585+00:00
682,Tokyo Verdy,JPN,1513.0,tokyo-verdy,2026-09-14T06:51:03.945585+00:00
683,Orenburg,RUS,1512.0,Orenburg,2026-09-14T06:51:03.945585+00:00
684,Grenoble,FRA,1511.0,Grenoble,2026-09-14T06:51:03.945585+00:00
685,Caxias,BRA,1511.0,lsapi-5786,2026-09-14T06:51:03.945585+00:00
686,Shanghai Shenhua,CHN,1511.0,shanghai-shenhua,2026-09-14T06:51:03.945585+00:00
687,CP Cacereño,ESP,1511.0,cp-cacereno,2026-09-14T06:51:03.945585+00:00
688,Universitatea Clu,ROU,1510.0,UniversitateaCluj,2026-09-14T06:51:03.945585+00:00
689,Entella,ITA,1510.0,Entella,2026-09-14T06:51:03.945585+00:00
690,Técnico Uni,ECU,1510.0,tecnico-universitario,2026-09-14T06:51:03.945585+00:00
691,General Caballero,PAR,1509.0,general-caballero-djlm,2026-09-14T06:51:03.945585+00:00
692,Unionistas,ESP,1509.0,unionistas-cf,2026-09-14T06:51:03.945585+00:00
693,Alianza Petrolera,COL,1509.0,alianza-fc,2026-09-14T06:51:03.945585+00:00
694,Bradford,ENG,1509.0,Bradford,2026-09-14T06:51:03.945585+00:00
695,Dinamo Bucuresti,ROU,1509.0,DinamoBucuresti,2026-09-14T06:51:03.945585+00:00
696,KS Cracovia,POL,1509.0,ks-cracovia,2026-09-14T06:51:03.945585+00:00
697,Racing de Córdoba,ARG,1509.0,racing-de-cordoba,2026-09-14T06:51:03.945585+00:00
698,Sverdlovsk,RUS,1508.0,Sverdlovsk,2026-09-14T06:51:03.945585+00:00
699,Brescia,ITA,1508.0,Brescia,2026-09-14T06:51:03.945585+00:00
700,NK Varteks,CRO,1508.0,nk-varazdin,2026-09-14T06:51:03.945585+00:00
701,La Calera,CHI,1508.0,union-la-calera,2026-09-14T06:51:03.945585+00:00
702,Plock,POL,1508.0,Plock,2026-09-14T06:51:03.945585+00:00
703,Amorebieta,ESP,1507.0,Amorebieta,2026-09-14T06:51:03.945585+00:00
704,El Nacional,ECU,1507.0,el-nacional,2026-09-14T06:51:03.945585+00:00
705,Sparta,NED,1507.0,SpartaRotterdam,2026-09-14T06:51:03.945585+00:00
706,Almagro,ARG,1507.0,almagro_3,2026-09-14T06:51:03.945585+00:00
707,Chacarita Juniors,ARG,1507.0,chacarita-juniors_2,2026-09-14T06:51:03.945585+00:00
708,Arsenal de Sarand,ARG,1506.0,arsenal-de-sarandi,2026-09-14T06:51:03.945585+00:00
709,Rodina Moskva,RUS,1506.0,rodina-moskva,2026-09-14T06:51:03.945585+00:00
710,Europa,ESP,1506.0,lsapi-8363,2026-09-14T06:51:03.945585+00:00
711,Atlanta United,USA,1506.0,atlanta-united-fc,2026-09-14T06:51:03.945585+00:00
712,Widzew,POL,1506.0,Widzew,2026-09-14T06:51:03.945585+00:00
713,Paysandu,BRA,1506.0,paysandu-pa,2026-09-14T06:51:03.945585+00:00
714,Karpaty,UKR,1506.0,Karpaty,2026-09-14T06:51:03.945585+00:00
715,Silkeborg,DEN,1505.0,Silkeborg,2026-09-14T06:51:03.945585+00:00
716,Rapid Bucuresti,ROU,1505.0,RapidBucuresti,2026-09-14T06:51:03.945585+00:00
717,Melbourne City FC,AUS,1505.0,melbourne-city-fc,2026-09-14T06:51:03.945585+00:00
718,Leuven,BEL,1504.0,Leuven,2026-09-14T06:51:03.945585+00:00
719,Bari,ITA,1504.0,Bari,2026-09-14T06:51:03.945585+00:00
720,Wolfsberg,AUT,1504.0,Wolfsberg,2026-09-14T06:51:03.945585+00:00
721,Mazatlán,MEX,1503.0,mazatlan-fc,2026-09-14T06:51:03.945585+00:00
722,PS Kalamata,GRE,1503.0,ps-kalamata,2026-09-14T06:51:03.945585+00:00
723,Antalyaspor,TUR,1503.0,Antalyaspor,2026-09-14T06:51:03.945585+00:00
724,Sarpsborg,NOR,1503.0,Sarpsborg,2026-09-14T06:51:03.945585+00:00
725,Sivasspor,TUR,1503.0,Sivasspor,2026-09-14T06:51:03.945585+00:00
726,Deportivo Garcila,PER,1503.0,deportivo-garcilaso,2026-09-14T06:51:03.945585+00:00
727,Anápolis GO,BRA,1503.0,lsapi-6724,2026-09-14T06:51:03.945585+00:00
728,Excelsior,NED,1503.0,Excelsior,2026-09-14T06:51:03.945585+00:00
729,Delfín,ECU,1503.0,delfin-sc,2026-09-14T06:51:03.945585+00:00
730,CSKA Sofia,BUL,1503.0,CSKASofia,2026-09-14T06:51:03.945585+00:00
731,Wycombe,ENG,1503.0,Wycombe,2026-09-14T06:51:03.945585+00:00
732,Logrones,ESP,1502.0,Logrones,2026-09-14T06:51:03.945585+00:00
733,Estrela Amadora,POR,1502.0,EstrelaAmadora,2026-09-14T06:51:03.945585+00:00
734,San Telmo,ARG,1502.0,san-telmo,2026-09-14T06:51:03.945585+00:00
735,Lommel,BEL,1502.0,Lommel,2026-09-14T06:51:03.945585+00:00
736,Lechia,POL,1502.0,Lechia,2026-09-14T06:51:03.945585+00:00
737,Fredrikstad,NOR,1501.0,Fredrikstad,2026-09-14T06:51:03.945585+00:00
738,Danubio,URU,1501.0,Danubio,2026-09-14T06:51:03.945585+00:00
739,Steaua,ROU,1501.0,Steaua,2026-09-14T06:51:03.945585+00:00
740,La Equidad,COL,1501.0,la-equidad,2026-09-14T06:51:03.945585+00:00
741,Kayseri,TUR,1501.0,Kayseri,2026-09-14T06:51:03.945585+00:00
742,Radomiak,POL,1501.0,Radomiak,2026-09-14T06:51:03.945585+00:00
743,Merida,ESP,1501.0,Merida,2026-09-14T06:51:03.945585+00:00
744,Rio Ave,POR,1501.0,RioAve,2026-09-14T06:51:03.945585+00:00
745,Münster,GER,1501.0,Muenster,2026-09-14T06:51:03.945585+00:00
746,Karagümrük,TUR,1501.0,fatih-karaguemruek,2026-09-14T06:51:03.945585+00:00
747,Arka,POL,1500.0,Arka,2026-09-14T06:51:03.945585+00:00
748,Volta Redonda,BRA,1500.0,volta-redonda-rj,2026-09-14T06:51:03.945585+00:00
