date,home_team,away_team,home_goals,away_goals,home_xg,away_xg,league,season
2021-08-20,Inter,Milan,0,0,1.471,1.03,Serie A,2021/2022
2021-08-21,Bologna,Napoli,1,0,0.969,1.257,Serie A,2021/2022
2021-08-21,Salernitana,Inter,0,5,0.6,2.549,Serie A,2021/2022
2021-08-21,Lecce,Udinese,0,1,1.076,1.127,Serie A,2021/2022
2021-08-21,Udinese,Empoli,1,0,1.496,0.753,Serie A,2021/2022
2021-08-21,Monza,Roma,4,2,0.748,1.412,Serie A,2021/2022
2021-08-22,Genoa,Sassuolo,0,2,1.63,0.543,Serie A,2021/2022
2021-08-22,Milan,Hellas Verona,3,1,2.71,0.621,Serie A,2021/2022
2021-08-22,Cagliari,Monza,0,0,1.226,1.136,Serie A,2021/2022
2021-08-22,Napoli,Atalanta,2,1,1.332,0.856,Serie A,2021/2022
2021-08-27,Napoli,Milan,0,2,1.242,0.99,Serie A,2021/2022
2021-08-27,Atalanta,Napoli,0,0,1.018,1.011,Serie A,2021/2022
2021-08-27,Salernitana,Sassuolo,0,2,1.277,1.137,Serie A,2021/2022
2021-08-27,Torino,Cagliari,3,1,1.559,0.721,Serie A,2021/2022
2021-08-27,Lecce,Fiorentina,0,1,0.793,1.336,Serie A,2021/2022
2021-08-28,Atalanta,Fiorentina,1,1,1.381,0.74,Serie A,2021/2022
2021-08-28,Torino,Lazio,3,3,0.913,1.121,Serie A,2021/2022
2021-08-29,Salernitana,Hellas Verona,2,1,1.038,1.219,Serie A,2021/2022
2021-08-29,Atalanta,Lazio,1,2,1.365,0.843,Serie A,2021/2022
2021-08-29,Atalanta,Sassuolo,2,1,2.459,0.505,Serie A,2021/2022
2021-09-03,Fiorentina,Salernitana,4,0,2.222,0.347,Serie A,2021/2022
2021-09-03,Frosinone,Juventus,2,3,0.4,2.399,Serie A,2021/2022
2021-09-03,Atalanta,Empoli,1,1,2.178,0.485,Serie A,2021/2022
2021-09-03,Fiorentina,Monza,2,0,1.782,0.603,Serie A,2021/2022
2021-09-03,Frosinone,Lecce,1,3,1.059,1.243,Serie A,2021/2022
2021-09-04,Frosinone,Inter,0,3,0.446,2.419,Serie A,2021/2022
2021-09-05,Torino,Hellas Verona,3,1,1.813,0.577,Serie A,2021/2022
2021-09-05,Roma,Inter,1,2,1.068,1.305,Serie A,2021/2022
2021-09-05,Fiorentina,Juventus,2,2,1.271,1.208,Serie A,2021/2022
2021-09-05,Sassuolo,Bologna,1,3,0.784,1.633,Serie A,2021/2022
2021-09-10,Napoli,Frosinone,2,0,2.79,0.3,Serie A,2021/2022
2021-09-10,Salernitana,Juventus,0,3,0.4,2.367,Serie A,2021/2022
2021-09-10,Empoli,Hellas Verona,0,1,1.49,0.996,Serie A,2021/2022
2021-09-10,Inter,Napoli,4,0,1.462,0.713,Serie A,2021/2022
2021-09-10,Cagliari,Bologna,0,1,0.849,1.273,Serie A,2021/2022
2021-09-10,Lazio,Lecce,2,1,1.922,0.668,Serie A,2021/2022
2021-09-11,Hellas Verona,Bologna,2,0,0.741,1.369,Serie A,2021/2022
2021-09-11,Atalanta,Cagliari,2,0,2.325,0.456,Serie A,2021/2022
2021-09-12,Juventus,Roma,1,1,1.395,0.82,Serie A,2021/2022
2021-09-12,Genoa,Atalanta,0,1,0.969,1.682,Serie A,2021/2022
2021-09-17,Juventus,Frosinone,2,0,2.848,0.48,Serie A,2021/2022
2021-09-17,Napoli,Inter,1,1,1.161,1.173,Serie A,2021/2022
2021-09-17,Bologna,Monza,1,1,1.538,0.703,Serie A,2021/2022
2021-09-18,Bologna,Atalanta,0,0,0.902,1.187,Serie A,2021/2022
2021-09-18,Lazio,Bologna,1,0,1.542,0.969,Serie A,2021/2022
2021-09-18,Inter,Udinese,2,0,2.381,0.303,Serie A,2021/2022
2021-09-19,Cagliari,Sassuolo,3,2,1.418,0.833,Serie A,2021/2022
2021-09-19,Udinese,Inter,3,0,0.714,1.744,Serie A,2021/2022
2021-09-19,Monza,Genoa,2,2,1.168,0.977,Serie A,2021/2022
2021-09-19,Udinese,Napoli,3,3,0.774,1.197,Serie A,2021/2022
2021-09-24,Inter,Cagliari,1,1,2.929,0.429,Serie A,2021/2022
2021-09-24,Lecce,Roma,0,0,0.637,1.598,Serie A,2021/2022
2021-09-24,Napoli,Fiorentina,0,2,1.462,0.653,Serie A,2021/2022
2021-09-25,Napoli,Lecce,4,1,2.221,0.642,Serie A,2021/2022
2021-09-25,Genoa,Udinese,2,0,1.269,0.878,Serie A,2021/2022
2021-09-26,Torino,Frosinone,0,1,2.084,0.526,Serie A,2021/2022
2021-09-26,Empoli,Frosinone,2,0,1.682,0.831,Serie A,2021/2022
2021-09-26,Empoli,Torino,1,0,0.953,1.222,Serie A,2021/2022
2021-09-26,Lecce,Salernitana,2,2,1.567,0.932,Serie A,2021/2022
2021-09-26,Cagliari,Udinese,0,0,1.054,1.137,Serie A,2021/2022
2021-10-01,Empoli,Lecce,1,0,0.972,1.054,Serie A,2021/2022
2021-10-01,Hellas Verona,Monza,1,1,1.291,1.286,Serie A,2021/2022
2021-10-01,Hellas Verona,Inter,1,1,0.443,2.262,Serie A,2021/2022
2021-10-02,Milan,Inter,1,1,1.118,0.849,Serie A,2021/2022
2021-10-02,Lazio,Monza,1,2,1.767,0.959,Serie A,2021/2022
2021-10-02,Hellas Verona,Torino,2,2,1.008,1.437,Serie A,2021/2022
2021-10-02,Fiorentina,Empoli,1,0,1.854,0.545,Serie A,2021/2022
2021-10-03,Juventus,Monza,3,1,2.179,0.548,Serie A,2021/2022
2021-10-03,Salernitana,Genoa,0,0,0.659,1.421,Serie A,2021/2022
2021-10-03,Torino,Atalanta,0,2,0.699,1.305,Serie A,2021/2022
2021-10-08,Napoli,Roma,2,1,1.373,0.911,Serie A,2021/2022
2021-10-08,Salernitana,Fiorentina,1,1,0.462,1.747,Serie A,2021/2022
2021-10-08,Sassuolo,Udinese,0,2,0.859,1.201,Serie A,2021/2022
2021-10-09,Monza,Empoli,3,1,1.366,0.768,Serie A,2021/2022
2021-10-09,Cagliari,Genoa,1,3,1.068,1.198,Serie A,2021/2022
2021-10-09,Inter,Lazio,1,0,1.684,0.437,Serie A,2021/2022
2021-10-09,Atalanta,Roma,2,1,1.304,0.866,Serie A,2021/2022
2021-10-10,Lazio,Roma,1,1,1.094,1.001,Serie A,2021/2022
2021-10-10,Milan,Udinese,2,0,2.277,0.487,Serie A,2021/2022
2021-10-10,Bologna,Torino,3,0,1.336,0.973,Serie A,2021/2022
2021-10-15,Milan,Juventus,0,2,1.19,1.097,Serie A,2021/2022
2021-10-16,Inter,Sassuolo,3,1,3.018,0.475,Serie A,2021/2022
2021-10-16,Juventus,Sassuolo,0,0,2.53,0.39,Serie A,2021/2022
2021-10-16,Empoli,Udinese,0,0,0.811,1.105,Serie A,2021/2022
2021-10-16,Udinese,Salernitana,3,0,1.846,0.935,Serie A,2021/2022
2021-10-16,Monza,Juventus,1,0,0.799,1.713,Serie A,2021/2022
2021-10-17,Roma,Lazio,3,1,1.379,0.987,Serie A,2021/2022
2021-10-17,Sassuolo,Torino,0,0,0.731,1.493,Serie A,2021/2022
2021-10-17,Roma,Fiorentina,0,0,1.343,0.638,Serie A,2021/2022
2021-10-17,Lecce,Atalanta,1,1,0.864,1.72,Serie A,2021/2022
2021-10-22,Torino,Napoli,2,1,1.03,1.172,Serie A,2021/2022
2021-10-22,Empoli,Juventus,2,1,0.627,1.991,Serie A,2021/2022
2021-10-22,Sassuolo,Fiorentina,1,2,0.884,1.866,Serie A,2021/2022
2021-10-23,Lecce,Juventus,0,2,0.492,1.79,Serie A,2021/2022
2021-10-23,Bologna,Frosinone,1,0,2.013,0.611,Serie A,2021/2022
2021-10-23,Salernitana,Atalanta,0,1,0.57,2.118,Serie A,2021/2022
2021-10-23,Napoli,Udinese,2,1,2.081,0.746,Serie A,2021/2022
2021-10-24,Sassuolo,Napoli,1,3,0.78,1.839,Serie A,2021/2022
2021-10-24,Juventus,Milan,0,2,1.219,1.036,Serie A,2021/2022
2021-10-24,Milan,Sassuolo,3,0,2.8,0.435,Serie A,2021/2022
2021-10-29,Lazio,Empoli,1,0,2.1,0.712,Serie A,2021/2022
2021-10-29,Lecce,Hellas Verona,1,1,1.311,1.114,Serie A,2021/2022
2021-10-30,Genoa,Empoli,2,0,1.536,0.808,Serie A,2021/2022
2021-10-30,Roma,Cagliari,4,0,2.107,0.581,Serie A,2021/2022
2021-10-30,Udinese,Roma,0,0,0.87,1.464,Serie A,2021/2022
2021-10-31,Cagliari,Empoli,0,1,0.949,1.022,Serie A,2021/2022
2021-10-31,Roma,Frosinone,1,3,2.56,0.469,Serie A,2021/2022
2021-10-31,Bologna,Empoli,2,0,1.64,0.445,Serie A,2021/2022
2021-10-31,Monza,Torino,2,2,1.246,1.364,Serie A,2021/2022
2021-10-31,Bologna,Cagliari,2,1,1.757,0.76,Serie A,2021/2022
2021-11-05,Roma,Lecce,1,0,1.905,0.484,Serie A,2021/2022
2021-11-05,Empoli,Sassuolo,1,0,1.43,1.083,Serie A,2021/2022
2021-11-05,Napoli,Cagliari,1,0,2.355,0.557,Serie A,2021/2022
2021-11-06,Hellas Verona,Lazio,1,3,0.796,1.605,Serie A,2021/2022
2021-11-06,Atalanta,Milan,1,0,1.135,1.098,Serie A,2021/2022
2021-11-06,Juventus,Inter,1,3,0.998,1.112,Serie A,2021/2022
2021-11-07,Cagliari,Lazio,1,2,0.652,1.557,Serie A,2021/2022
2021-11-07,Milan,Cagliari,4,0,2.523,0.403,Serie A,2021/2022
2021-11-07,Sassuolo,Hellas Verona,1,2,1.273,1.202,Serie A,2021/2022
2021-11-07,Juventus,Empoli,3,0,2.468,0.3,Serie A,2021/2022
2021-11-12,Udinese,Milan,1,2,1.028,1.487,Serie A,2021/2022
2021-11-12,Hellas Verona,Napoli,1,0,0.739,2.235,Serie A,2021/2022
2021-11-12,Lecce,Monza,0,0,1.04,1.013,Serie A,2021/2022
2021-11-13,Lecce,Napoli,1,0,0.506,1.69,Serie A,2021/2022
2021-11-13,Roma,Milan,1,3,1.19,1.034,Serie A,2021/2022
2021-11-13,Milan,Roma,1,1,1.418,0.89,Serie A,2021/2022
2021-11-14,Atalanta,Bologna,2,0,1.614,0.763,Serie A,2021/2022
2021-11-14,Udinese,Juventus,2,0,0.843,1.471,Serie A,2021/2022
2021-11-14,Sassuolo,Salernitana,2,4,1.646,1.125,Serie A,2021/2022
2021-11-14,Salernitana,Udinese,1,1,0.999,1.421,Serie A,2021/2022
2021-11-19,Fiorentina,Hellas Verona,0,3,1.806,0.567,Serie A,2021/2022
2021-11-19,Lecce,Cagliari,4,0,1.518,0.635,Serie A,2021/2022
2021-11-19,Monza,Inter,1,0,0.505,1.938,Serie A,2021/2022
2021-11-20,Salernitana,Milan,0,1,0.441,2.481,Serie A,2021/2022
2021-11-20,Milan,Napoli,3,2,1.303,0.996,Serie A,2021/2022
2021-11-20,Inter,Bologna,1,1,2.002,0.419,Serie A,2021/2022
2021-11-21,Roma,Napoli,1,2,1.016,0.868,Serie A,2021/2022
2021-11-21,Cagliari,Fiorentina,1,0,0.852,1.429,Serie A,2021/2022
2021-11-21,Cagliari,Lecce,1,0,1.081,1.054,Serie A,2021/2022
2021-11-21,Lazio,Milan,2,0,1.205,1.19,Serie A,2021/2022
2021-11-26,Torino,Roma,3,0,0.954,1.228,Serie A,2021/2022
2021-11-26,Lazio,Udinese,1,0,1.48,0.698,Serie A,2021/2022
2021-11-26,Udinese,Bologna,1,2,0.951,1.275,Serie A,2021/2022
2021-11-27,Genoa,Frosinone,2,0,1.878,0.688,Serie A,2021/2022
2021-11-27,Cagliari,Napoli,0,5,0.571,1.775,Serie A,2021/2022
2021-11-27,Frosinone,Fiorentina,2,3,0.849,1.624,Serie A,2021/2022
2021-11-27,Milan,Empoli,1,0,2.258,0.384,Serie A,2021/2022
2021-11-28,Juventus,Hellas Verona,2,0,2.555,0.387,Serie A,2021/2022
2021-11-28,Hellas Verona,Juventus,0,2,0.722,2.179,Serie A,2021/2022
2021-11-28,Bologna,Roma,2,1,1.01,1.017,Serie A,2021/2022
2021-12-03,Monza,Milan,1,1,0.927,1.551,Serie A,2021/2022
2021-12-03,Lazio,Napoli,0,2,1.012,0.989,Serie A,2021/2022
2021-12-03,Juventus,Atalanta,2,0,1.468,0.922,Serie A,2021/2022
2021-12-03,Sassuolo,Roma,1,1,0.732,1.663,Serie A,2021/2022
2021-12-04,Bologna,Hellas Verona,2,1,1.941,0.72,Serie A,2021/2022
2021-12-04,Frosinone,Torino,0,1,0.765,1.306,Serie A,2021/2022
2021-12-05,Frosinone,Salernitana,4,0,1.167,0.745,Serie A,2021/2022
2021-12-05,Fiorentina,Milan,1,1,1.014,1.286,Serie A,2021/2022
2021-12-05,Hellas Verona,Milan,1,2,0.588,2.076,Serie A,2021/2022
2021-12-05,Empoli,Atalanta,0,1,0.717,1.561,Serie A,2021/2022
2021-12-10,Udinese,Fiorentina,1,0,0.904,1.221,Serie A,2021/2022
2021-12-10,Salernitana,Frosinone,2,1,1.295,1.154,Serie A,2021/2022
2021-12-11,Inter,Lecce,5,0,3.121,0.512,Serie A,2021/2022
2021-12-11,Udinese,Lecce,0,2,1.462,0.536,Serie A,2021/2022
2021-12-12,Lecce,Bologna,2,2,1.062,1.622,Serie A,2021/2022
2021-12-12,Frosinone,Roma,0,2,0.589,1.995,Serie A,2021/2022
2021-12-12,Empoli,Napoli,1,1,0.683,1.866,Serie A,2021/2022
2021-12-12,Milan,Atalanta,3,3,1.364,0.897,Serie A,2021/2022
2021-12-12,Napoli,Salernitana,2,0,2.827,0.467,Serie A,2021/2022
2021-12-12,Inter,Juventus,1,0,1.674,0.979,Serie A,2021/2022
2021-12-17,Hellas Verona,Empoli,1,0,1.099,1.062,Serie A,2021/2022
2021-12-17,Frosinone,Udinese,0,2,0.818,1.23,Serie A,2021/2022
2021-12-18,Frosinone,Hellas Verona,0,1,1.094,0.864,Serie A,2021/2022
2021-12-18,Torino,Milan,0,3,0.667,1.32,Serie A,2021/2022
2021-12-18,Lazio,Sassuolo,3,0,2.532,0.726,Serie A,2021/2022
2021-12-18,Empoli,Inter,1,1,0.46,2.207,Serie A,2021/2022
2021-12-18,Udinese,Lazio,2,1,1.003,1.257,Serie A,2021/2022
2021-12-18,Frosinone,Napoli,0,3,0.514,2.063,Serie A,2021/2022
2021-12-19,Fiorentina,Cagliari,0,0,2.15,0.42,Serie A,2021/2022
2021-12-19,Empoli,Milan,0,3,0.713,1.936,Serie A,2021/2022
2021-12-24,Udinese,Hellas Verona,1,2,1.508,0.726,Serie A,2021/2022
2021-12-24,Salernitana,Cagliari,1,0,1.145,1.281,Serie A,2021/2022
2021-12-24,Inter,Atalanta,1,0,1.57,0.624,Serie A,2021/2022
2021-12-25,Lazio,Salernitana,2,2,2.406,0.461,Serie A,2021/2022
2021-12-25,Juventus,Lazio,0,0,1.396,0.956,Serie A,2021/2022
2021-12-25,Torino,Monza,2,0,1.588,0.992,Serie A,2021/2022
2021-12-26,Bologna,Inter,0,4,0.747,1.49,Serie A,2021/2022
2021-12-26,Salernitana,Lecce,1,2,1.04,1.18,Serie A,2021/2022
2021-12-26,Genoa,Cagliari,5,0,1.475,0.792,Serie A,2021/2022
2021-12-26,Atalanta,Torino,0,0,1.517,0.855,Serie A,2021/2022
2021-12-31,Napoli,Lazio,2,0,1.394,0.816,Serie A,2021/2022
2021-12-31,Milan,Bologna,1,2,1.725,0.702,Serie A,2021/2022
2021-12-31,Cagliari,Frosinone,0,1,1.374,1.008,Serie A,2021/2022
2022-01-01,Salernitana,Empoli,0,1,0.918,1.057,Serie A,2021/2022
2022-01-01,Inter,Genoa,4,2,2.251,0.591,Serie A,2021/2022
2022-01-01,Juventus,Bologna,0,0,1.724,0.554,Serie A,2021/2022
2022-01-02,Empoli,Cagliari,0,2,1.044,0.902,Serie A,2021/2022
2022-01-02,Frosinone,Genoa,0,0,0.963,1.195,Serie A,2021/2022
2022-01-02,Lecce,Inter,0,2,0.651,2.193,Serie A,2021/2022
2022-01-02,Fiorentina,Bologna,1,0,1.252,1.136,Serie A,2021/2022
2022-01-07,Genoa,Torino,1,0,0.913,1.017,Serie A,2021/2022
2022-01-07,Juventus,Fiorentina,2,0,1.753,0.674,Serie A,2021/2022
2022-01-07,Genoa,Juventus,1,0,0.921,1.622,Serie A,2021/2022
2022-01-07,Torino,Lecce,1,1,1.633,0.687,Serie A,2021/2022
2022-01-08,Frosinone,Lazio,0,1,0.618,1.742,Serie A,2021/2022
2022-01-08,Juventus,Torino,3,0,1.995,0.757,Serie A,2021/2022
2022-01-08,Roma,Sassuolo,4,0,2.605,0.458,Serie A,2021/2022
2022-01-08,Genoa,Inter,1,0,0.64,1.804,Serie A,2021/2022
2022-01-08,Lazio,Inter,0,1,0.777,1.226,Serie A,2021/2022
2022-01-08,Sassuolo,Genoa,2,0,0.984,1.183,Serie A,2021/2022
2022-01-14,Napoli,Empoli,1,1,2.538,0.509,Serie A,2021/2022
2022-01-14,Monza,Napoli,0,3,0.652,1.904,Serie A,2021/2022
2022-01-14,Torino,Inter,1,2,0.663,1.382,Serie A,2021/2022
2022-01-15,Sassuolo,Lecce,0,2,1.264,1.007,Serie A,2021/2022
2022-01-15,Lecce,Sassuolo,2,0,1.412,0.737,Serie A,2021/2022
2022-01-15,Lecce,Lazio,1,1,0.833,1.534,Serie A,2021/2022
2022-01-15,Genoa,Napoli,2,3,0.484,1.625,Serie A,2021/2022
2022-01-16,Atalanta,Lecce,4,0,2.093,0.535,Serie A,2021/2022
2022-01-16,Torino,Juventus,1,2,0.842,1.211,Serie A,2021/2022
2022-01-16,Genoa,Monza,2,2,1.419,1.113,Serie A,2021/2022
2022-01-21,Udinese,Atalanta,0,3,0.746,1.374,Serie A,2021/2022
2022-01-21,Lecce,Genoa,0,2,1.008,1.117,Serie A,2021/2022
2022-01-21,Juventus,Salernitana,5,0,2.944,0.355,Serie A,2021/2022
2022-01-21,Torino,Sassuolo,3,2,1.816,0.604,Serie A,2021/2022
2022-01-21,Monza,Lazio,1,1,0.875,1.515,Serie A,2021/2022
2022-01-21,Inter,Torino,1,0,2.213,0.585,Serie A,2021/2022
2022-01-22,Torino,Bologna,1,2,1.21,1.03,Serie A,2021/2022
2022-01-23,Lazio,Fiorentina,1,1,1.182,0.769,Serie A,2021/2022
2022-01-23,Genoa,Milan,1,2,0.77,1.537,Serie A,2021/2022
2022-01-23,Udinese,Frosinone,3,0,1.816,0.798,Serie A,2021/2022
2022-01-28,Lecce,Empoli,1,0,1.464,0.955,Serie A,2021/2022
2022-01-28,Sassuolo,Milan,2,3,0.604,2.195,Serie A,2021/2022
2022-01-28,Salernitana,Napoli,0,5,0.469,2.447,Serie A,2021/2022
2022-01-28,Atalanta,Hellas Verona,4,0,2.413,0.636,Serie A,2021/2022
2022-01-29,Fiorentina,Frosinone,2,0,2.401,0.501,Serie A,2021/2022
2022-01-29,Atalanta,Udinese,0,0,1.586,0.709,Serie A,2021/2022
2022-01-29,Roma,Atalanta,2,2,1.278,0.977,Serie A,2021/2022
2022-01-29,Monza,Frosinone,1,0,1.657,0.627,Serie A,2021/2022
2022-01-30,Hellas Verona,Fiorentina,2,1,0.732,1.391,Serie A,2021/2022
2022-01-30,Bologna,Lecce,0,0,1.804,0.559,Serie A,2021/2022
2022-02-04,Milan,Frosinone,1,1,2.928,0.3,Serie A,2021/2022
2022-02-04,Napoli,Torino,4,0,2.024,0.713,Serie A,2021/2022
2022-02-05,Empoli,Roma,0,3,0.595,1.541,Serie A,2021/2022
2022-02-05,Hellas Verona,Frosinone,2,0,1.425,1.054,Serie A,2021/2022
2022-02-05,Empoli,Salernitana,1,1,1.445,0.769,Serie A,2021/2022
2022-02-06,Bologna,Lazio,1,0,1.009,1.148,Serie A,2021/2022
2022-02-06,Empoli,Genoa,2,0,1.023,0.941,Serie A,2021/2022
2022-02-06,Lecce,Torino,1,0,0.925,1.191,Serie A,2021/2022
2022-02-06,Genoa,Fiorentina,1,0,0.907,1.038,Serie A,2021/2022
2022-02-06,Hellas Verona,Genoa,4,3,1.105,1.345,Serie A,2021/2022
2022-02-11,Bologna,Sassuolo,1,0,1.812,0.644,Serie A,2021/2022
2022-02-11,Monza,Salernitana,0,0,1.917,0.729,Serie A,2021/2022
2022-02-11,Torino,Genoa,1,1,1.308,0.981,Serie A,2021/2022
2022-02-11,Genoa,Bologna,2,1,0.924,1.37,Serie A,2021/2022
2022-02-12,Bologna,Juventus,0,1,0.762,1.197,Serie A,2021/2022
2022-02-12,Sassuolo,Lazio,1,1,0.599,1.777,Serie A,2021/2022
2022-02-12,Lazio,Atalanta,2,0,1.092,1.065,Serie A,2021/2022
2022-02-12,Roma,Monza,0,1,1.937,0.943,Serie A,2021/2022
2022-02-13,Salernitana,Torino,1,0,0.553,1.58,Serie A,2021/2022
2022-02-13,Monza,Cagliari,0,1,1.607,0.759,Serie A,2021/2022
2022-02-18,Roma,Empoli,3,0,2.012,0.677,Serie A,2021/2022
2022-02-18,Napoli,Monza,2,0,2.064,0.3,Serie A,2021/2022
2022-02-18,Roma,Juventus,2,0,1.015,1.161,Serie A,2021/2022
2022-02-19,Genoa,Hellas Verona,0,2,1.446,0.664,Serie A,2021/2022
2022-02-19,Juventus,Napoli,1,2,1.389,1.02,Serie A,2021/2022
2022-02-19,Sassuolo,Frosinone,1,2,1.293,0.732,Serie A,2021/2022
2022-02-19,Udinese,Cagliari,1,2,1.528,0.667,Serie A,2021/2022
2022-02-20,Milan,Genoa,2,1,2.222,0.742,Serie A,2021/2022
2022-02-20,Inter,Fiorentina,1,0,1.883,0.58,Serie A,2021/2022
2022-02-20,Napoli,Bologna,3,0,1.542,0.548,Serie A,2021/2022
2022-02-25,Hellas Verona,Atalanta,0,5,0.837,1.721,Serie A,2021/2022
2022-02-25,Lecce,Milan,1,2,0.689,1.709,Serie A,2021/2022
2022-02-25,Fiorentina,Lecce,2,0,1.833,0.603,Serie A,2021/2022
2022-02-26,Udinese,Monza,2,1,1.365,0.762,Serie A,2021/2022
2022-02-26,Milan,Fiorentina,3,2,1.636,0.771,Serie A,2021/2022
2022-02-26,Atalanta,Monza,2,0,2.214,0.643,Serie A,2021/2022
2022-02-27,Empoli,Fiorentina,0,0,0.749,1.459,Serie A,2021/2022
2022-02-27,Frosinone,Empoli,2,1,1.021,1.105,Serie A,2021/2022
2022-02-27,Frosinone,Milan,1,5,0.4,2.33,Serie A,2021/2022
2022-02-27,Roma,Bologna,0,1,1.329,0.856,Serie A,2021/2022
2022-03-04,Lazio,Hellas Verona,5,1,2.015,0.386,Serie A,2021/2022
2022-03-04,Roma,Udinese,3,2,1.939,0.948,Serie A,2021/2022
2022-03-04,Inter,Hellas Verona,4,0,3.071,0.306,Serie A,2021/2022
2022-03-05,Salernitana,Monza,1,2,0.881,1.194,Serie A,2021/2022
2022-03-05,Napoli,Genoa,3,0,1.957,0.595,Serie A,2021/2022
2022-03-05,Empoli,Lazio,2,0,0.885,1.448,Serie A,2021/2022
2022-03-06,Fiorentina,Atalanta,0,0,0.851,1.215,Serie A,2021/2022
2022-03-06,Napoli,Sassuolo,2,0,2.599,0.369,Serie A,2021/2022
2022-03-06,Genoa,Salernitana,1,1,1.83,0.761,Serie A,2021/2022
2022-03-06,Milan,Salernitana,3,0,3.034,0.3,Serie A,2021/2022
2022-03-11,Roma,Hellas Verona,2,2,2.219,0.549,Serie A,2021/2022
2022-03-11,Atalanta,Juventus,3,1,1.078,1.135,Serie A,2021/2022
2022-03-11,Milan,Monza,0,1,2.216,0.615,Serie A,2021/2022
2022-03-11,Torino,Empoli,1,1,1.724,0.668,Serie A,2021/2022
2022-03-11,Atalanta,Salernitana,2,0,2.859,0.517,Serie A,2021/2022
2022-03-12,Hellas Verona,Lecce,3,1,1.237,1.113,Serie A,2021/2022
2022-03-12,Frosinone,Cagliari,0,2,1.351,1.143,Serie A,2021/2022
2022-03-12,Inter,Salernitana,1,0,3.2,0.351,Serie A,2021/2022
2022-03-13,Torino,Salernitana,2,1,2.059,0.691,Serie A,2021/2022
2022-03-13,Hellas Verona,Sassuolo,0,0,1.309,0.944,Serie A,2021/2022
2022-03-18,Salernitana,Bologna,3,1,0.635,1.661,Serie A,2021/2022
2022-03-18,Hellas Verona,Udinese,0,2,0.919,1.511,Serie A,2021/2022
2022-03-19,Genoa,Roma,1,1,0.807,1.211,Serie A,2021/2022
2022-03-19,Empoli,Bologna,0,2,0.925,1.33,Serie A,2021/2022
2022-03-19,Juventus,Genoa,1,3,2.198,0.706,Serie A,2021/2022
2022-03-20,Monza,Udinese,0,0,1.003,1.056,Serie A,2021/2022
2022-03-20,Juventus,Lecce,3,2,2.511,0.521,Serie A,2021/2022
2022-03-20,Fiorentina,Udinese,0,0,1.541,0.765,Serie A,2021/2022
2022-03-20,Cagliari,Hellas Verona,2,1,1.265,0.907,Serie A,2021/2022
2022-03-20,Milan,Lazio,0,3,1.411,0.805,Serie A,2021/2022
2022-03-25,Empoli,Monza,0,1,0.807,1.08,Serie A,2021/2022
2022-03-25,Lazio,Juventus,0,0,1.089,1.458,Serie A,2021/2022
2022-03-25,Bologna,Salernitana,2,0,2.45,0.621,Serie A,2021/2022
2022-03-25,Torino,Udinese,2,1,1.203,0.734,Serie A,2021/2022
2022-03-25,Udinese,Torino,3,1,1.161,1.013,Serie A,2021/2022
2022-03-26,Lazio,Genoa,3,2,1.659,0.791,Serie A,2021/2022
2022-03-26,Frosinone,Sassuolo,2,0,1.087,0.753,Serie A,2021/2022
2022-03-27,Monza,Bologna,0,2,0.987,1.27,Serie A,2021/2022
2022-03-27,Inter,Frosinone,2,2,3.2,0.333,Serie A,2021/2022
2022-03-27,Fiorentina,Napoli,0,1,1.125,1.18,Serie A,2021/2022
2022-04-01,Sassuolo,Inter,2,2,0.726,2.226,Serie A,2021/2022
2022-04-01,Inter,Empoli,2,0,2.806,0.55,Serie A,2021/2022
2022-04-01,Atalanta,Genoa,1,1,2.032,0.664,Serie A,2021/2022
2022-04-02,Torino,Fiorentina,0,0,0.914,1.148,Serie A,2021/2022
2022-04-02,Lazio,Cagliari,2,1,1.964,0.3,Serie A,2021/2022
2022-04-02,Monza,Fiorentina,3,3,0.686,1.207,Serie A,2021/2022
2022-04-02,Frosinone,Atalanta,0,1,0.612,1.809,Serie A,2021/2022
2022-04-03,Cagliari,Atalanta,0,2,0.438,1.922,Serie A,2021/2022
2022-04-03,Juventus,Udinese,2,1,1.783,0.745,Serie A,2021/2022
2022-04-03,Cagliari,Inter,0,5,0.431,2.148,Serie A,2021/2022
2022-04-08,Monza,Hellas Verona,1,1,1.596,0.711,Serie A,2021/2022
2022-04-08,Roma,Salernitana,4,1,2.7,0.322,Serie A,2021/2022
2022-04-08,Lecce,Frosinone,2,0,1.604,0.899,Serie A,2021/2022
2022-04-09,Udinese,Sassuolo,0,1,1.641,0.616,Serie A,2021/2022
2022-04-10,Roma,Genoa,6,1,1.945,0.718,Serie A,2021/2022
2022-04-10,Bologna,Fiorentina,1,1,1.121,0.944,Serie A,2021/2022
2022-04-10,Roma,Torino,3,0,1.656,0.742,Serie A,2021/2022
2022-04-10,Monza,Atalanta,1,0,0.733,1.507,Serie A,2021/2022
2022-04-10,Lazio,Frosinone,2,1,2.313,0.69,Serie A,2021/2022
2022-04-10,Sassuolo,Monza,2,2,1.129,1.195,Serie A,2021/2022
2022-04-15,Salernitana,Roma,2,7,0.655,2.042,Serie A,2021/2022
2022-04-15,Inter,Monza,5,0,2.601,0.3,Serie A,2021/2022
2022-04-15,Hellas Verona,Cagliari,1,2,1.392,1.039,Serie A,2021/2022
2022-04-15,Juventus,Cagliari,3,0,2.42,0.677,Serie A,2021/2022
2022-04-15,Milan,Torino,5,0,2.178,0.676,Serie A,2021/2022
2022-04-15,Cagliari,Salernitana,1,1,1.528,0.727,Serie A,2021/2022
2022-04-16,Monza,Sassuolo,1,0,1.508,0.645,Serie A,2021/2022
2022-04-17,Fiorentina,Roma,0,3,1.175,0.923,Serie A,2021/2022
2022-04-17,Udinese,Genoa,0,2,1.303,1.019,Serie A,2021/2022
2022-04-17,Salernitana,Lazio,0,2,0.884,1.96,Serie A,2021/2022
2022-04-22,Milan,Lecce,4,0,2.418,0.666,Serie A,2021/2022
2022-04-22,Cagliari,Milan,1,0,0.64,2.068,Serie A,2021/2022
2022-04-22,Fiorentina,Torino,3,1,1.436,0.788,Serie A,2021/2022
2022-04-22,Bologna,Udinese,1,0,1.39,0.89,Serie A,2021/2022
2022-04-22,Napoli,Juventus,1,1,1.269,0.985,Serie A,2021/2022
2022-04-22,Inter,Roma,2,0,1.586,0.807,Serie A,2021/2022
2022-04-23,Cagliari,Juventus,0,5,0.481,2.013,Serie A,2021/2022
2022-04-23,Sassuolo,Atalanta,0,2,0.904,2.029,Serie A,2021/2022
2022-04-24,Sassuolo,Cagliari,0,2,1.05,0.927,Serie A,2021/2022
2022-04-24,Sassuolo,Empoli,2,0,1.096,0.912,Serie A,2021/2022
2022-04-29,Cagliari,Torino,1,0,0.749,1.027,Serie A,2021/2022
2022-04-29,Lazio,Torino,1,1,1.457,0.678,Serie A,2021/2022
2022-04-29,Genoa,Lecce,1,0,1.435,0.947,Serie A,2021/2022
2022-04-30,Monza,Lecce,0,1,1.176,0.731,Serie A,2021/2022
2022-04-30,Bologna,Genoa,1,1,1.554,0.804,Serie A,2021/2022
2022-04-30,Fiorentina,Inter,1,2,0.76,1.384,Serie A,2021/2022
2022-04-30,Frosinone,Bologna,1,1,0.959,1.439,Serie A,2021/2022
2022-04-30,Fiorentina,Genoa,1,1,1.56,0.648,Serie A,2021/2022
2022-05-01,Napoli,Hellas Verona,3,0,2.719,0.645,Serie A,2021/2022
2022-05-01,Cagliari,Roma,1,6,0.712,1.661,Serie A,2021/2022
2022-05-06,Hellas Verona,Roma,0,2,0.586,1.611,Serie A,2021/2022
2022-05-06,Hellas Verona,Salernitana,2,1,1.441,0.583,Serie A,2021/2022
2022-05-06,Genoa,Lazio,0,0,0.907,1.224,Serie A,2021/2022
2022-05-07,Fiorentina,Lazio,1,1,1.063,0.982,Serie A,2021/2022
2022-05-07,Frosinone,Monza,2,4,1.033,1.267,Serie A,2021/2022
2022-05-07,Atalanta,Inter,1,1,0.946,1.149,Serie A,2021/2022
2022-05-07,Fiorentina,Sassuolo,2,0,1.962,0.491,Serie A,2021/2022
2022-05-07,Atalanta,Frosinone,0,0,2.701,0.434,Serie A,2021/2022
2022-05-08,Bologna,Milan,0,1,0.836,1.244,Serie A,2021/2022
2022-05-08,Sassuolo,Juventus,0,0,0.552,2.191,Serie A,2021/2022
2022-08-20,Torino,Inter,1,1,0.719,1.504,Serie A,2022/2023
2022-08-20,Inter,Atalanta,2,1,1.544,0.586,Serie A,2022/2023
2022-08-20,Inter,Hellas Verona,0,1,3.119,0.492,Serie A,2022/2023
2022-08-21,Lecce,Salernitana,1,1,1.625,0.717,Serie A,2022/2023
2022-08-21,Hellas Verona,Inter,0,2,0.43,2.363,Serie A,2022/2023
2022-08-21,Fiorentina,Hellas Verona,3,2,1.858,0.727,Serie A,2022/2023
2022-08-22,Atalanta,Inter,1,2,1.185,1.201,Serie A,2022/2023
2022-08-22,Genoa,Lazio,0,3,0.795,1.358,Serie A,2022/2023
2022-08-22,Lecce,Genoa,1,1,1.141,1.093,Serie A,2022/2023
2022-08-22,Torino,Juventus,1,1,0.97,1.433,Serie A,2022/2023
2022-08-27,Salernitana,Cagliari,4,1,1.055,1.314,Serie A,2022/2023
2022-08-27,Bologna,Hellas Verona,1,1,2.1,0.677,Serie A,2022/2023
2022-08-27,Juventus,Torino,2,0,1.736,0.794,Serie A,2022/2023
2022-08-27,Salernitana,Lazio,0,3,0.589,1.76,Serie A,2022/2023
2022-08-27,Hellas Verona,Salernitana,1,2,1.56,0.964,Serie A,2022/2023
2022-08-27,Fiorentina,Monza,2,2,1.79,0.714,Serie A,2022/2023
2022-08-28,Torino,Lazio,1,1,0.884,0.994,Serie A,2022/2023
2022-08-28,Hellas Verona,Juventus,0,2,0.4,2.01,Serie A,2022/2023
2022-08-29,Hellas Verona,Cagliari,3,0,1.246,0.971,Serie A,2022/2023
2022-08-29,Fiorentina,Genoa,1,0,1.766,0.905,Serie A,2022/2023
2022-09-03,Milan,Roma,3,1,1.537,0.936,Serie A,2022/2023
2022-09-03,Lazio,Hellas Verona,1,3,2.174,0.466,Serie A,2022/2023
2022-09-03,Frosinone,Salernitana,1,1,1.268,0.882,Serie A,2022/2023
2022-09-04,Sassuolo,Bologna,1,0,0.79,1.521,Serie A,2022/2023
2022-09-04,Torino,Monza,3,0,1.403,0.764,Serie A,2022/2023
2022-09-04,Juventus,Inter,1,2,0.842,1.003,Serie A,2022/2023
2022-09-04,Cagliari,Napoli,0,0,0.708,1.876,Serie A,2022/2023
2022-09-05,Empoli,Udinese,6,1,0.908,1.05,Serie A,2022/2023
2022-09-05,Milan,Frosinone,2,1,2.933,0.531,Serie A,2022/2023
2022-09-05,Roma,Empoli,3,4,2.023,0.54,Serie A,2022/2023
2022-09-10,Empoli,Atalanta,0,2,0.914,1.774,Serie A,2022/2023
2022-09-10,Cagliari,Frosinone,2,1,1.44,0.668,Serie A,2022/2023
2022-09-10,Lecce,Inter,2,0,0.573,2.015,Serie A,2022/2023
2022-09-11,Cagliari,Hellas Verona,2,1,1.166,1.004,Serie A,2022/2023
2022-09-11,Fiorentina,Frosinone,3,0,2.336,0.426,Serie A,2022/2023
2022-09-11,Cagliari,Lecce,3,1,1.224,1.091,Serie A,2022/2023
2022-09-11,Salernitana,Bologna,0,1,0.678,1.834,Serie A,2022/2023
2022-09-12,Hellas Verona,Lecce,0,2,1.171,0.88,Serie A,2022/2023
2022-09-12,Lecce,Sassuolo,1,1,1.379,0.96,Serie A,2022/2023
2022-09-12,Genoa,Sassuolo,0,1,1.507,0.723,Serie A,2022/2023
2022-09-17,Cagliari,Bologna,1,1,0.899,1.633,Serie A,2022/2023
2022-09-17,Milan,Napoli,1,0,1.31,0.962,Serie A,2022/2023
2022-09-18,Napoli,Torino,4,3,1.512,0.564,Serie A,2022/2023
2022-09-18,Juventus,Empoli,3,1,2.578,0.324,Serie A,2022/2023
2022-09-18,Inter,Sassuolo,2,1,3.2,0.341,Serie A,2022/2023
2022-09-18,Lazio,Torino,2,0,1.371,1.014,Serie A,2022/2023
2022-09-19,Inter,Juventus,1,1,1.43,0.766,Serie A,2022/2023
2022-09-19,Udinese,Lazio,0,0,0.894,1.21,Serie A,2022/2023
2022-09-19,Sassuolo,Fiorentina,0,1,0.73,1.746,Serie A,2022/2023
2022-09-19,Frosinone,Lazio,0,2,0.773,1.843,Serie A,2022/2023
2022-09-24,Sassuolo,Hellas Verona,0,2,1.199,0.925,Serie A,2022/2023
2022-09-24,Atalanta,Milan,2,1,1.156,1.214,Serie A,2022/2023
2022-09-24,Atalanta,Fiorentina,2,2,1.568,0.695,Serie A,2022/2023
2022-09-24,Udinese,Milan,1,0,0.73,1.448,Serie A,2022/2023
2022-09-25,Sassuolo,Udinese,0,0,0.821,1.264,Serie A,2022/2023
2022-09-25,Lecce,Cagliari,2,1,1.279,0.781,Serie A,2022/2023
2022-09-25,Hellas Verona,Atalanta,1,3,0.675,1.708,Serie A,2022/2023
2022-09-25,Salernitana,Inter,0,4,0.441,2.672,Serie A,2022/2023
2022-09-26,Empoli,Sassuolo,1,0,1.469,1.078,Serie A,2022/2023
2022-09-26,Bologna,Torino,1,1,1.468,0.92,Serie A,2022/2023
2022-10-01,Salernitana,Genoa,1,1,0.793,1.55,Serie A,2022/2023
2022-10-01,Cagliari,Udinese,2,0,0.943,1.296,Serie A,2022/2023
2022-10-01,Hellas Verona,Genoa,0,1,1.013,1.102,Serie A,2022/2023
2022-10-02,Salernitana,Fiorentina,0,3,0.776,1.916,Serie A,2022/2023
2022-10-02,Roma,Genoa,2,0,1.678,0.58,Serie A,2022/2023
2022-10-02,Inter,Lecce,3,0,2.763,0.5,Serie A,2022/2023
2022-10-02,Fiorentina,Sassuolo,3,1,2.032,0.614,Serie A,2022/2023
2022-10-03,Juventus,Milan,2,1,1.037,0.909,Serie A,2022/2023
2022-10-03,Monza,Inter,0,2,0.4,1.914,Serie A,2022/2023
2022-10-03,Monza,Napoli,0,1,0.589,1.61,Serie A,2022/2023
2022-10-08,Hellas Verona,Empoli,1,0,1.1,1.067,Serie A,2022/2023
2022-10-08,Sassuolo,Cagliari,2,0,1.368,0.972,Serie A,2022/2023
2022-10-08,Napoli,Juventus,0,1,0.909,0.999,Serie A,2022/2023
2022-10-09,Frosinone,Empoli,3,1,1.155,0.955,Serie A,2022/2023
2022-10-09,Roma,Frosinone,3,0,2.543,0.555,Serie A,2022/2023
2022-10-09,Roma,Monza,3,0,1.752,0.554,Serie A,2022/2023
2022-10-09,Lecce,Milan,1,3,0.881,2.093,Serie A,2022/2023
2022-10-10,Milan,Salernitana,1,0,3.187,0.3,Serie A,2022/2023
2022-10-10,Napoli,Empoli,2,0,2.66,0.498,Serie A,2022/2023
2022-10-10,Milan,Torino,0,0,1.714,0.73,Serie A,2022/2023
2022-10-15,Juventus,Sassuolo,2,0,2.651,0.581,Serie A,2022/2023
2022-10-15,Napoli,Lazio,1,1,1.408,0.719,Serie A,2022/2023
2022-10-15,Salernitana,Torino,0,2,0.799,1.456,Serie A,2022/2023
2022-10-15,Fiorentina,Empoli,1,0,1.749,0.75,Serie A,2022/2023
2022-10-15,Frosinone,Genoa,0,0,0.937,1.189,Serie A,2022/2023
2022-10-15,Milan,Lazio,2,2,1.681,0.656,Serie A,2022/2023
2022-10-16,Genoa,Napoli,0,3,0.846,1.728,Serie A,2022/2023
2022-10-16,Lecce,Torino,1,0,0.942,1.257,Serie A,2022/2023
2022-10-17,Napoli,Udinese,0,0,2.184,0.684,Serie A,2022/2023
2022-10-17,Torino,Roma,2,2,0.787,1.261,Serie A,2022/2023
2022-10-22,Frosinone,Udinese,2,0,1.094,1.469,Serie A,2022/2023
2022-10-22,Atalanta,Frosinone,2,0,2.691,0.3,Serie A,2022/2023
2022-10-22,Lecce,Bologna,0,0,0.851,1.309,Serie A,2022/2023
2022-10-23,Napoli,Hellas Verona,0,0,2.504,0.33,Serie A,2022/2023
2022-10-23,Fiorentina,Salernitana,1,0,2.098,0.69,Serie A,2022/2023
2022-10-23,Monza,Lecce,0,1,1.278,0.915,Serie A,2022/2023
2022-10-23,Genoa,Udinese,0,2,1.195,0.823,Serie A,2022/2023
2022-10-24,Frosinone,Hellas Verona,2,2,1.258,0.994,Serie A,2022/2023
2022-10-24,Hellas Verona,Napoli,1,2,0.551,2.096,Serie A,2022/2023
2022-10-24,Empoli,Roma,0,3,0.654,1.546,Serie A,2022/2023
2022-10-29,Juventus,Fiorentina,0,2,1.501,0.793,Serie A,2022/2023
2022-10-29,Udinese,Napoli,1,0,0.578,1.379,Serie A,2022/2023
2022-10-30,Frosinone,Lecce,1,2,0.992,1.11,Serie A,2022/2023
2022-10-30,Milan,Cagliari,2,0,2.624,0.595,Serie A,2022/2023
2022-10-30,Lecce,Roma,1,1,0.653,1.576,Serie A,2022/2023
2022-10-31,Frosinone,Milan,0,5,0.623,2.391,Serie A,2022/2023
2022-10-31,Udinese,Sassuolo,1,0,1.823,0.76,Serie A,2022/2023
2022-10-31,Genoa,Frosinone,1,0,1.64,0.675,Serie A,2022/2023
2022-10-31,Milan,Genoa,0,2,2.177,0.65,Serie A,2022/2023
2022-10-31,Sassuolo,Juventus,0,0,0.554,2.081,Serie A,2022/2023
2022-11-05,Monza,Sassuolo,1,1,1.501,0.8,Serie A,2022/2023
2022-11-05,Salernitana,Monza,1,0,0.813,1.325,Serie A,2022/2023
2022-11-05,Roma,Atalanta,0,0,0.983,1.049,Serie A,2022/2023
2022-11-05,Napoli,Inter,0,1,1.102,0.991,Serie A,2022/2023
2022-11-06,Cagliari,Fiorentina,1,0,0.71,1.679,Serie A,2022/2023
2022-11-06,Fiorentina,Milan,2,0,0.857,1.247,Serie A,2022/2023
2022-11-06,Genoa,Milan,1,0,0.923,1.514,Serie A,2022/2023
2022-11-07,Sassuolo,Torino,0,1,0.735,1.203,Serie A,2022/2023
2022-11-07,Bologna,Cagliari,3,2,1.784,0.765,Serie A,2022/2023
2022-11-07,Frosinone,Roma,0,2,0.697,1.804,Serie A,2022/2023
2022-11-12,Bologna,Inter,0,1,0.917,1.377,Serie A,2022/2023
2022-11-12,Cagliari,Sassuolo,0,1,1.519,1.025,Serie A,2022/2023
2022-11-12,Roma,Lecce,1,1,2.051,0.849,Serie A,2022/2023
2022-11-12,Monza,Atalanta,0,0,0.776,1.719,Serie A,2022/2023
2022-11-12,Lazio,Sassuolo,3,0,2.299,0.627,Serie A,2022/2023
2022-11-13,Milan,Juventus,1,0,1.231,0.95,Serie A,2022/2023
2022-11-13,Udinese,Hellas Verona,2,1,1.686,0.648,Serie A,2022/2023
2022-11-14,Empoli,Milan,1,0,0.727,1.964,Serie A,2022/2023
2022-11-14,Genoa,Hellas Verona,0,1,1.474,0.597,Serie A,2022/2023
2022-11-14,Cagliari,Genoa,2,1,1.008,1.25,Serie A,2022/2023
2022-11-19,Salernitana,Milan,0,4,0.4,2.371,Serie A,2022/2023
2022-11-19,Monza,Udinese,1,0,1.152,0.933,Serie A,2022/2023
2022-11-19,Udinese,Genoa,0,2,1.287,0.905,Serie A,2022/2023
2022-11-20,Roma,Bologna,1,1,1.418,0.677,Serie A,2022/2023
2022-11-20,Juventus,Napoli,1,2,1.298,1.032,Serie A,2022/2023
2022-11-21,Sassuolo,Salernitana,1,0,1.562,0.809,Serie A,2022/2023
2022-11-21,Lazio,Cagliari,3,1,2.105,0.784,Serie A,2022/2023
2022-11-21,Lazio,Salernitana,2,0,2.541,0.476,Serie A,2022/2023
2022-11-21,Juventus,Lazio,1,1,1.339,0.742,Serie A,2022/2023
2022-11-21,Sassuolo,Roma,1,1,0.617,2.055,Serie A,2022/2023
2022-11-26,Empoli,Salernitana,4,1,1.464,0.893,Serie A,2022/2023
2022-11-26,Sassuolo,Lazio,0,0,0.704,1.541,Serie A,2022/2023
2022-11-26,Empoli,Genoa,0,1,0.974,1.211,Serie A,2022/2023
2022-11-26,Bologna,Atalanta,1,0,1.021,1.382,Serie A,2022/2023
2022-11-27,Inter,Frosinone,1,0,3.2,0.3,Serie A,2022/2023
2022-11-27,Hellas Verona,Monza,1,1,1.145,1.081,Serie A,2022/2023
2022-11-27,Hellas Verona,Lazio,0,1,0.552,1.847,Serie A,2022/2023
2022-11-27,Fiorentina,Lazio,1,3,1.261,1.225,Serie A,2022/2023
2022-11-28,Bologna,Roma,1,2,1.141,1.436,Serie A,2022/2023
2022-11-28,Fiorentina,Roma,1,1,1.015,1.135,Serie A,2022/2023
2022-12-03,Lazio,Roma,0,2,1.126,1.057,Serie A,2022/2023
2022-12-03,Sassuolo,Empoli,1,1,1.158,1.217,Serie A,2022/2023
2022-12-03,Juventus,Genoa,1,0,1.991,0.568,Serie A,2022/2023
2022-12-04,Empoli,Torino,0,1,0.943,1.433,Serie A,2022/2023
2022-12-04,Bologna,Empoli,1,0,1.761,0.71,Serie A,2022/2023
2022-12-04,Genoa,Monza,1,1,1.101,0.731,Serie A,2022/2023
2022-12-04,Inter,Napoli,1,1,1.525,0.999,Serie A,2022/2023
2022-12-05,Torino,Atalanta,1,2,0.945,1.094,Serie A,2022/2023
2022-12-05,Udinese,Juventus,2,2,0.817,1.757,Serie A,2022/2023
2022-12-05,Monza,Frosinone,4,0,1.56,0.583,Serie A,2022/2023
2022-12-10,Napoli,Frosinone,4,0,2.87,0.3,Serie A,2022/2023
2022-12-10,Lazio,Empoli,2,0,2.028,0.595,Serie A,2022/2023
2022-12-10,Salernitana,Lecce,1,0,1.018,1.153,Serie A,2022/2023
2022-12-10,Torino,Salernitana,2,2,1.855,0.349,Serie A,2022/2023
2022-12-11,Lecce,Monza,4,0,1.087,1.039,Serie A,2022/2023
2022-12-11,Juventus,Hellas Verona,5,0,2.691,0.41,Serie A,2022/2023
2022-12-11,Udinese,Roma,1,0,0.782,1.464,Serie A,2022/2023
2022-12-12,Salernitana,Atalanta,1,2,0.525,2.162,Serie A,2022/2023
2022-12-12,Udinese,Torino,3,2,1.012,0.932,Serie A,2022/2023
2022-12-12,Frosinone,Sassuolo,2,1,1.163,0.933,Serie A,2022/2023
2022-12-17,Monza,Torino,1,0,1.061,0.956,Serie A,2022/2023
2022-12-17,Bologna,Milan,0,2,0.888,1.359,Serie A,2022/2023
2022-12-17,Bologna,Genoa,2,0,1.586,0.865,Serie A,2022/2023
2022-12-18,Bologna,Fiorentina,0,0,1.25,1.032,Serie A,2022/2023
2022-12-18,Udinese,Salernitana,3,0,1.992,0.585,Serie A,2022/2023
2022-12-18,Roma,Napoli,2,0,1.243,1.162,Serie A,2022/2023
2022-12-18,Napoli,Sassuolo,1,0,2.707,0.392,Serie A,2022/2023
2022-12-19,Empoli,Hellas Verona,1,2,1.317,0.822,Serie A,2022/2023
2022-12-19,Udinese,Bologna,1,2,1.114,1.17,Serie A,2022/2023
2022-12-19,Hellas Verona,Bologna,0,3,0.752,1.393,Serie A,2022/2023
2022-12-24,Juventus,Lecce,1,0,2.365,0.547,Serie A,2022/2023
2022-12-24,Bologna,Napoli,1,2,0.835,1.255,Serie A,2022/2023
2022-12-24,Monza,Roma,0,1,0.625,1.336,Serie A,2022/2023
2022-12-24,Fiorentina,Udinese,0,0,1.423,0.764,Serie A,2022/2023
2022-12-24,Genoa,Torino,3,0,1.075,1.169,Serie A,2022/2023
2022-12-24,Inter,Cagliari,2,0,2.836,0.655,Serie A,2022/2023
2022-12-26,Roma,Fiorentina,0,0,1.437,0.708,Serie A,2022/2023
2022-12-26,Lazio,Udinese,1,1,1.754,0.849,Serie A,2022/2023
2022-12-26,Monza,Lazio,0,3,1.039,1.465,Serie A,2022/2023
2022-12-26,Juventus,Salernitana,3,0,3.195,0.3,Serie A,2022/2023
2022-12-31,Lecce,Fiorentina,0,0,0.691,1.241,Serie A,2022/2023
2022-12-31,Juventus,Roma,2,3,1.317,1.063,Serie A,2022/2023
2022-12-31,Monza,Empoli,2,2,1.433,1.074,Serie A,2022/2023
2023-01-01,Napoli,Cagliari,2,0,2.332,0.564,Serie A,2022/2023
2023-01-01,Fiorentina,Bologna,2,2,1.272,0.772,Serie A,2022/2023
2023-01-01,Lecce,Empoli,3,0,1.221,0.921,Serie A,2022/2023
2023-01-01,Cagliari,Atalanta,0,3,0.558,1.777,Serie A,2022/2023
2023-01-01,Torino,Sassuolo,1,1,1.78,0.653,Serie A,2022/2023
2023-01-02,Monza,Fiorentina,2,3,0.723,1.363,Serie A,2022/2023
2023-01-02,Frosinone,Napoli,0,3,0.612,2.155,Serie A,2022/2023
2023-01-07,Lecce,Udinese,0,1,1.161,1.076,Serie A,2022/2023
2023-01-07,Milan,Atalanta,0,2,1.504,1.065,Serie A,2022/2023
2023-01-07,Salernitana,Juventus,1,2,0.509,2.25,Serie A,2022/2023
2023-01-08,Torino,Empoli,3,3,1.878,0.699,Serie A,2022/2023
2023-01-08,Napoli,Genoa,2,1,1.983,0.772,Serie A,2022/2023
2023-01-08,Cagliari,Lazio,2,0,0.753,1.789,Serie A,2022/2023
2023-01-08,Napoli,Bologna,1,0,1.56,0.828,Serie A,2022/2023
2023-01-08,Napoli,Fiorentina,0,0,1.53,0.812,Serie A,2022/2023
2023-01-09,Hellas Verona,Sassuolo,2,0,1.282,1.019,Serie A,2022/2023
2023-01-09,Lazio,Bologna,2,4,1.178,1.02,Serie A,2022/2023
2023-01-14,Inter,Milan,1,0,1.319,0.803,Serie A,2022/2023
2023-01-14,Inter,Fiorentina,2,0,1.945,0.682,Serie A,2022/2023
2023-01-15,Bologna,Monza,0,1,1.556,0.757,Serie A,2022/2023
2023-01-15,Roma,Cagliari,4,1,2.212,0.554,Serie A,2022/2023
2023-01-15,Torino,Udinese,1,2,1.508,0.842,Serie A,2022/2023
2023-01-15,Atalanta,Torino,2,0,1.729,0.79,Serie A,2022/2023
2023-01-16,Salernitana,Napoli,0,3,0.455,2.15,Serie A,2022/2023
2023-01-16,Cagliari,Monza,0,1,1.307,1.1,Serie A,2022/2023
2023-01-16,Monza,Milan,0,2,0.461,1.886,Serie A,2022/2023
2023-01-16,Milan,Empoli,3,1,2.498,0.486,Serie A,2022/2023
2023-01-21,Fiorentina,Atalanta,1,1,1.176,1.054,Serie A,2022/2023
2023-01-21,Lazio,Atalanta,0,1,0.949,0.901,Serie A,2022/2023
2023-01-21,Sassuolo,Milan,0,1,0.433,1.947,Serie A,2022/2023
2023-01-22,Roma,Torino,4,0,1.605,0.622,Serie A,2022/2023
2023-01-23,Udinese,Monza,0,1,1.235,0.873,Serie A,2022/2023
2023-01-23,Lazio,Monza,0,0,1.974,0.715,Serie A,2022/2023
2023-01-23,Lecce,Juventus,2,1,0.756,1.688,Serie A,2022/2023
2023-01-23,Hellas Verona,Udinese,1,4,0.839,1.35,Serie A,2022/2023
2023-01-23,Torino,Genoa,3,0,1.479,0.85,Serie A,2022/2023
2023-01-23,Genoa,Roma,2,1,1.016,1.316,Serie A,2022/2023
2023-01-28,Salernitana,Frosinone,2,0,1.283,0.861,Serie A,2022/2023
2023-01-29,Roma,Salernitana,1,0,2.47,0.385,Serie A,2022/2023
2023-01-29,Napoli,Milan,1,1,1.322,0.899,Serie A,2022/2023
2023-01-29,Torino,Fiorentina,1,1,1.227,0.869,Serie A,2022/2023
2023-01-29,Napoli,Atalanta,1,1,1.162,0.732,Serie A,2022/2023
2023-01-30,Bologna,Frosinone,3,1,2.109,0.697,Serie A,2022/2023
2023-01-30,Fiorentina,Inter,0,1,0.664,1.272,Serie A,2022/2023
2023-01-30,Genoa,Fiorentina,2,2,0.932,1.088,Serie A,2022/2023
2023-01-30,Milan,Fiorentina,2,1,1.642,0.668,Serie A,2022/2023
2023-01-30,Cagliari,Inter,0,3,0.457,2.299,Serie A,2022/2023
2023-02-04,Udinese,Fiorentina,0,0,0.885,1.362,Serie A,2022/2023
2023-02-04,Frosinone,Fiorentina,0,1,0.481,1.801,Serie A,2022/2023
2023-02-04,Roma,Lazio,5,0,1.5,0.814,Serie A,2022/2023
2023-02-05,Milan,Lecce,3,0,2.417,0.48,Serie A,2022/2023
2023-02-05,Fiorentina,Cagliari,1,1,2.016,0.626,Serie A,2022/2023
2023-02-06,Genoa,Cagliari,2,0,1.667,0.724,Serie A,2022/2023
2023-02-06,Inter,Empoli,1,0,2.746,0.37,Serie A,2022/2023
2023-02-06,Empoli,Lazio,0,4,0.913,1.608,Serie A,2022/2023
2023-02-06,Udinese,Cagliari,1,1,1.326,0.728,Serie A,2022/2023
2023-02-06,Monza,Bologna,1,2,0.923,0.936,Serie A,2022/2023
2023-02-11,Atalanta,Hellas Verona,4,1,2.416,0.606,Serie A,2022/2023
2023-02-11,Sassuolo,Monza,1,1,0.975,1.511,Serie A,2022/2023
2023-02-11,Milan,Sassuolo,2,2,2.857,0.492,Serie A,2022/2023
2023-02-11,Empoli,Juventus,1,4,0.579,2.056,Serie A,2022/2023
2023-02-12,Fiorentina,Torino,0,1,1.402,0.922,Serie A,2022/2023
2023-02-12,Inter,Salernitana,5,1,3.126,0.3,Serie A,2022/2023
2023-02-12,Juventus,Atalanta,3,0,1.49,0.965,Serie A,2022/2023
2023-02-13,Frosinone,Bologna,2,2,0.72,1.64,Serie A,2022/2023
2023-02-13,Hellas Verona,Roma,3,1,0.773,1.716,Serie A,2022/2023
2023-02-13,Torino,Frosinone,2,0,1.99,0.519,Serie A,2022/2023
2023-02-18,Fiorentina,Lecce,6,2,1.901,0.825,Serie A,2022/2023
2023-02-18,Roma,Sassuolo,1,1,2.254,0.376,Serie A,2022/2023
2023-02-19,Genoa,Salernitana,1,1,1.821,0.389,Serie A,2022/2023
2023-02-19,Cagliari,Roma,1,1,0.424,1.784,Serie A,2022/2023
2023-02-20,Bologna,Udinese,1,1,1.491,0.874,Serie A,2022/2023
2023-02-20,Lazio,Inter,3,1,0.887,1.248,Serie A,2022/2023
2023-02-20,Sassuolo,Inter,1,2,0.498,2.354,Serie A,2022/2023
2023-02-20,Hellas Verona,Fiorentina,2,2,0.686,1.668,Serie A,2022/2023
2023-02-20,Juventus,Monza,5,0,2.226,0.573,Serie A,2022/2023
2023-02-20,Bologna,Juventus,2,1,0.81,1.494,Serie A,2022/2023
2023-02-25,Atalanta,Genoa,3,0,1.805,0.631,Serie A,2022/2023
2023-02-25,Genoa,Juventus,0,0,0.799,1.558,Serie A,2022/2023
2023-02-25,Udinese,Frosinone,3,0,1.708,0.629,Serie A,2022/2023
2023-02-26,Roma,Milan,0,1,1.069,1.253,Serie A,2022/2023
2023-02-26,Udinese,Lecce,0,3,1.381,0.883,Serie A,2022/2023
2023-02-26,Milan,Hellas Verona,1,0,2.841,0.324,Serie A,2022/2023
2023-02-27,Torino,Napoli,0,1,0.786,1.439,Serie A,2022/2023
2023-02-27,Bologna,Lecce,1,0,1.849,0.588,Serie A,2022/2023
2023-02-27,Atalanta,Sassuolo,1,0,2.545,0.53,Serie A,2022/2023
2023-02-27,Empoli,Monza,0,1,0.921,0.974,Serie A,2022/2023
2023-03-04,Bologna,Lazio,0,3,1.263,1.244,Serie A,2022/2023
2023-03-04,Atalanta,Bologna,1,2,1.518,0.595,Serie A,2022/2023
2023-03-05,Empoli,Bologna,1,0,0.739,1.344,Serie A,2022/2023
2023-03-05,Empoli,Fiorentina,0,1,0.725,1.389,Serie A,2022/2023
2023-03-05,Udinese,Atalanta,2,3,1.055,1.576,Serie A,2022/2023
2023-03-05,Milan,Udinese,5,0,2.028,0.538,Serie A,2022/2023
2023-03-06,Salernitana,Hellas Verona,1,1,1.236,0.995,Serie A,2022/2023
2023-03-06,Napoli,Lecce,2,1,2.372,0.673,Serie A,2022/2023
2023-03-06,Milan,Monza,0,1,2.251,0.547,Serie A,2022/2023
2023-03-06,Frosinone,Atalanta,1,0,0.634,1.781,Serie A,2022/2023
2023-03-11,Genoa,Empoli,0,0,1.313,0.963,Serie A,2022/2023
2023-03-11,Roma,Hellas Verona,3,0,2.165,0.788,Serie A,2022/2023
2023-03-11,Empoli,Napoli,1,4,0.731,1.644,Serie A,2022/2023
2023-03-11,Empoli,Lecce,3,1,1.282,0.822,Serie A,2022/2023
2023-03-11,Bologna,Sassuolo,2,0,2.249,0.783,Serie A,2022/2023
2023-03-12,Fiorentina,Juventus,1,3,0.943,1.468,Serie A,2022/2023
2023-03-13,Juventus,Cagliari,3,0,2.459,0.514,Serie A,2022/2023
2023-03-13,Atalanta,Napoli,2,1,1.075,1.017,Serie A,2022/2023
2023-03-13,Cagliari,Salernitana,2,0,1.224,0.687,Serie A,2022/2023
2023-03-13,Inter,Bologna,0,1,2.097,0.713,Serie A,2022/2023
2023-03-18,Monza,Cagliari,4,0,1.548,0.858,Serie A,2022/2023
2023-03-18,Frosinone,Torino,0,1,0.869,1.505,Serie A,2022/2023
2023-03-18,Atalanta,Empoli,9,0,2.295,0.661,Serie A,2022/2023
2023-03-18,Roma,Udinese,2,2,1.625,0.726,Serie A,2022/2023
2023-03-18,Lazio,Juventus,1,0,1.036,1.324,Serie A,2022/2023
2023-03-18,Genoa,Lecce,1,0,1.434,0.942,Serie A,2022/2023
2023-03-18,Hellas Verona,Milan,0,3,0.646,2.154,Serie A,2022/2023
2023-03-19,Inter,Monza,4,0,2.506,0.3,Serie A,2022/2023
2023-03-20,Atalanta,Juventus,2,0,1.057,0.947,Serie A,2022/2023
2023-03-20,Genoa,Atalanta,1,2,0.821,1.564,Serie A,2022/2023
2023-03-25,Udinese,Inter,0,1,0.628,1.639,Serie A,2022/2023
2023-03-25,Genoa,Inter,0,0,0.485,1.735,Serie A,2022/2023
2023-03-25,Atalanta,Cagliari,0,0,2.402,0.466,Serie A,2022/2023
2023-03-25,Juventus,Frosinone,1,0,2.86,0.3,Serie A,2022/2023
2023-03-25,Sassuolo,Frosinone,2,3,1.357,0.879,Serie A,2022/2023
2023-03-25,Roma,Inter,1,0,1.03,1.418,Serie A,2022/2023
2023-03-26,Inter,Lazio,2,0,1.687,0.73,Serie A,2022/2023
2023-03-27,Cagliari,Torino,1,2,1.04,1.223,Serie A,2022/2023
2023-03-27,Lecce,Lazio,1,0,0.735,1.569,Serie A,2022/2023
2023-03-27,Lazio,Napoli,3,0,1.335,0.995,Serie A,2022/2023
2023-04-01,Cagliari,Milan,0,2,0.53,2.059,Serie A,2022/2023
2023-04-01,Atalanta,Lecce,3,1,2.281,0.3,Serie A,2022/2023
2023-04-02,Lecce,Hellas Verona,1,0,1.167,0.71,Serie A,2022/2023
2023-04-02,Sassuolo,Atalanta,0,2,0.715,1.856,Serie A,2022/2023
2023-04-02,Frosinone,Cagliari,0,1,1.109,1.019,Serie A,2022/2023
2023-04-02,Lazio,Lecce,2,0,1.945,0.713,Serie A,2022/2023
2023-04-02,Atalanta,Lazio,3,1,1.304,0.745,Serie A,2022/2023
2023-04-02,Monza,Salernitana,2,1,1.728,0.784,Serie A,2022/2023
2023-04-03,Inter,Roma,4,0,1.766,0.683,Serie A,2022/2023
2023-04-03,Hellas Verona,Torino,0,0,1.061,1.202,Serie A,2022/2023
2023-04-08,Inter,Torino,0,0,2.173,0.635,Serie A,2022/2023
2023-04-08,Lazio,Milan,0,1,1.011,1.147,Serie A,2022/2023
2023-04-08,Monza,Genoa,0,1,0.994,0.782,Serie A,2022/2023
2023-04-08,Salernitana,Udinese,0,0,0.809,1.284,Serie A,2022/2023
2023-04-08,Lazio,Frosinone,1,0,2.37,0.457,Serie A,2022/2023
2023-04-09,Frosinone,Inter,1,3,0.582,2.365,Serie A,2022/2023
2023-04-09,Torino,Lecce,2,0,1.73,0.664,Serie A,2022/2023
2023-04-10,Torino,Milan,1,0,0.629,1.449,Serie A,2022/2023
2023-04-10,Roma,Juventus,0,0,1.268,1.315,Serie A,2022/2023
2023-04-10,Salernitana,Roma,0,0,0.742,1.938,Serie A,2022/2023
2023-04-15,Napoli,Monza,2,0,1.985,0.553,Serie A,2022/2023
2023-04-15,Lecce,Atalanta,1,1,0.607,1.683,Serie A,2022/2023
2023-04-15,Lazio,Genoa,0,0,1.351,0.625,Serie A,2022/2023
2023-04-16,Empoli,Inter,0,1,0.652,2.0,Serie A,2022/2023
2023-04-16,Frosinone,Juventus,0,1,0.648,2.099,Serie A,2022/2023
2023-04-16,Frosinone,Monza,0,3,1.14,0.952,Serie A,2022/2023
2023-04-16,Bologna,Salernitana,3,0,2.225,0.427,Serie A,2022/2023
2023-04-16,Inter,Genoa,3,0,2.347,0.527,Serie A,2022/2023
2023-04-17,Monza,Juventus,1,2,0.66,1.611,Serie A,2022/2023
2023-04-17,Milan,Inter,1,0,1.329,0.952,Serie A,2022/2023
2023-04-22,Genoa,Bologna,1,4,0.844,1.339,Serie A,2022/2023
2023-04-22,Atalanta,Monza,2,0,1.819,0.49,Serie A,2022/2023
2023-04-22,Sassuolo,Napoli,0,2,0.782,1.99,Serie A,2022/2023
2023-04-22,Sassuolo,Genoa,1,4,0.996,1.29,Serie A,2022/2023
2023-04-22,Torino,Bologna,0,1,1.176,1.232,Serie A,2022/2023
2023-04-22,Monza,Hellas Verona,2,0,1.541,0.744,Serie A,2022/2023
2023-04-23,Milan,Bologna,2,1,1.723,0.637,Serie A,2022/2023
2023-04-23,Lazio,Fiorentina,2,1,1.308,0.944,Serie A,2022/2023
2023-04-23,Lecce,Napoli,0,4,0.515,1.825,Serie A,2022/2023
2023-04-24,Atalanta,Udinese,3,1,1.902,0.779,Serie A,2022/2023
2023-04-29,Salernitana,Sassuolo,3,0,0.999,1.011,Serie A,2022/2023
2023-04-29,Cagliari,Juventus,1,3,0.66,1.948,Serie A,2022/2023
2023-04-29,Sassuolo,Lecce,2,3,1.1,0.918,Serie A,2022/2023
2023-04-30,Salernitana,Empoli,1,1,1.053,1.025,Serie A,2022/2023
2023-04-30,Hellas Verona,Frosinone,0,1,1.461,0.956,Serie A,2022/2023
2023-04-30,Empoli,Cagliari,0,0,1.227,0.926,Serie A,2022/2023
2023-04-30,Napoli,Roma,0,1,1.541,0.939,Serie A,2022/2023
2023-05-01,Udinese,Empoli,4,2,1.641,0.809,Serie A,2022/2023
2023-05-01,Cagliari,Empoli,0,1,1.215,1.073,Serie A,2022/2023
2023-05-01,Torino,Hellas Verona,2,0,1.802,0.616,Serie A,2022/2023
2023-05-06,Torino,Cagliari,1,0,1.658,0.876,Serie A,2022/2023
2023-05-06,Napoli,Salernitana,4,0,2.897,0.411,Serie A,2022/2023
2023-05-06,Juventus,Bologna,0,0,1.594,0.866,Serie A,2022/2023
2023-05-06,Fiorentina,Napoli,1,0,1.01,0.929,Serie A,2022/2023
2023-05-06,Lecce,Frosinone,2,1,1.489,0.552,Serie A,2022/2023
2023-05-07,Atalanta,Salernitana,2,0,2.92,0.627,Serie A,2022/2023
2023-05-07,Empoli,Frosinone,2,0,1.386,0.611,Serie A,2022/2023
2023-05-07,Juventus,Udinese,1,1,1.809,0.603,Serie A,2022/2023
2023-05-08,Atalanta,Roma,2,0,1.342,0.974,Serie A,2022/2023
2023-05-08,Inter,Udinese,2,2,2.229,0.63,Serie A,2022/2023
2023-08-21,Torino,Hellas Verona,0,0,1.778,0.571,Serie A,2023/2024
2023-08-21,Hellas Verona,Fiorentina,3,0,0.7,1.538,Serie A,2023/2024
2023-08-21,Juventus,Lecce,1,0,2.306,0.515,Serie A,2023/2024
2023-08-21,Hellas Verona,Salernitana,3,0,1.688,0.652,Serie A,2023/2024
2023-08-21,Torino,Empoli,1,2,1.864,0.745,Serie A,2023/2024
2023-08-21,Napoli,Empoli,1,0,2.337,0.644,Serie A,2023/2024
2023-08-21,Frosinone,Napoli,1,3,0.697,2.259,Serie A,2023/2024
2023-08-22,Fiorentina,Udinese,1,1,1.703,0.836,Serie A,2023/2024
2023-08-22,Lazio,Frosinone,3,0,2.175,0.351,Serie A,2023/2024
2023-08-22,Udinese,Frosinone,0,0,1.779,0.734,Serie A,2023/2024
2023-08-27,Roma,Lecce,2,1,2.117,0.481,Serie A,2023/2024
2023-08-27,Hellas Verona,Sassuolo,2,0,1.274,0.97,Serie A,2023/2024
2023-08-27,Milan,Cagliari,2,0,2.732,0.481,Serie A,2023/2024
2023-08-27,Napoli,Salernitana,2,0,2.851,0.36,Serie A,2023/2024
2023-08-28,Salernitana,Fiorentina,1,4,0.787,1.677,Serie A,2023/2024
2023-08-28,Lazio,Milan,2,0,1.12,1.152,Serie A,2023/2024
2023-08-28,Udinese,Napoli,1,0,0.762,1.645,Serie A,2023/2024
2023-08-28,Sassuolo,Torino,0,2,0.925,1.48,Serie A,2023/2024
2023-08-29,Empoli,Udinese,2,0,0.979,0.941,Serie A,2023/2024
2023-08-29,Lazio,Atalanta,2,3,1.076,1.171,Serie A,2023/2024
2023-09-03,Sassuolo,Hellas Verona,1,1,1.318,0.883,Serie A,2023/2024
2023-09-03,Juventus,Atalanta,2,1,1.58,1.046,Serie A,2023/2024
2023-09-03,Genoa,Juventus,2,0,0.78,1.564,Serie A,2023/2024
2023-09-04,Roma,Cagliari,1,1,2.09,0.436,Serie A,2023/2024
2023-09-04,Sassuolo,Milan,1,2,0.561,2.141,Serie A,2023/2024
2023-09-04,Torino,Atalanta,0,0,0.882,1.06,Serie A,2023/2024
2023-09-05,Bologna,Cagliari,5,1,1.897,0.647,Serie A,2023/2024
2023-09-05,Milan,Udinese,1,0,2.114,0.615,Serie A,2023/2024
2023-09-05,Empoli,Monza,0,0,0.824,1.016,Serie A,2023/2024
2023-09-05,Roma,Genoa,2,0,1.707,0.631,Serie A,2023/2024
2023-09-10,Empoli,Inter,1,0,0.453,2.364,Serie A,2023/2024
2023-09-10,Sassuolo,Juventus,1,3,0.614,2.091,Serie A,2023/2024
2023-09-11,Empoli,Milan,1,3,0.649,1.886,Serie A,2023/2024
2023-09-11,Empoli,Roma,0,1,0.782,1.655,Serie A,2023/2024
2023-09-11,Genoa,Frosinone,0,1,1.584,0.69,Serie A,2023/2024
2023-09-12,Torino,Cagliari,2,1,1.547,0.737,Serie A,2023/2024
2023-09-12,Cagliari,Hellas Verona,1,1,1.296,0.729,Serie A,2023/2024
2023-09-12,Salernitana,Napoli,1,2,0.584,2.166,Serie A,2023/2024
2023-09-12,Cagliari,Roma,0,1,0.704,1.489,Serie A,2023/2024
2023-09-12,Salernitana,Frosinone,0,0,1.078,1.027,Serie A,2023/2024
2023-09-17,Genoa,Inter,0,2,0.702,1.773,Serie A,2023/2024
2023-09-17,Empoli,Hellas Verona,1,0,1.285,0.838,Serie A,2023/2024
2023-09-17,Napoli,Cagliari,6,0,2.523,0.3,Serie A,2023/2024
2023-09-17,Milan,Torino,3,0,1.964,0.503,Serie A,2023/2024
2023-09-18,Sassuolo,Cagliari,2,0,1.341,0.791,Serie A,2023/2024
2023-09-18,Torino,Sassuolo,0,3,1.755,0.666,Serie A,2023/2024
2023-09-18,Monza,Cagliari,0,0,1.147,0.886,Serie A,2023/2024
2023-09-19,Juventus,Empoli,2,0,2.387,0.645,Serie A,2023/2024
2023-09-19,Genoa,Empoli,2,0,1.522,1.061,Serie A,2023/2024
2023-09-19,Lazio,Torino,1,0,1.392,0.923,Serie A,2023/2024
2023-09-25,Frosinone,Hellas Verona,1,1,0.982,1.04,Serie A,2023/2024
2023-09-25,Lecce,Frosinone,1,1,1.317,0.942,Serie A,2023/2024
2023-09-25,Napoli,Monza,1,1,2.269,0.483,Serie A,2023/2024
2023-09-25,Hellas Verona,Torino,1,1,0.84,1.298,Serie A,2023/2024
2023-09-25,Atalanta,Frosinone,5,0,2.627,0.3,Serie A,2023/2024
2023-09-25,Cagliari,Atalanta,1,2,0.842,1.863,Serie A,2023/2024
2023-09-25,Roma,Milan,3,2,1.096,1.052,Serie A,2023/2024
2023-09-26,Lazio,Bologna,2,1,1.483,0.808,Serie A,2023/2024
2023-09-26,Monza,Juventus,0,1,0.677,1.848,Serie A,2023/2024
2023-09-26,Napoli,Hellas Verona,0,1,2.515,0.587,Serie A,2023/2024
2023-10-01,Juventus,Roma,2,0,1.479,0.932,Serie A,2023/2024
2023-10-01,Hellas Verona,Genoa,2,2,0.875,1.121,Serie A,2023/2024
2023-10-01,Sassuolo,Frosinone,1,1,1.186,0.977,Serie A,2023/2024
2023-10-01,Juventus,Lazio,1,4,1.439,0.781,Serie A,2023/2024
2023-10-02,Lecce,Sassuolo,1,1,1.351,0.939,Serie A,2023/2024
2023-10-02,Roma,Empoli,1,0,2.145,0.464,Serie A,2023/2024
2023-10-03,Torino,Roma,0,3,1.12,1.246,Serie A,2023/2024
2023-10-03,Lazio,Sassuolo,1,2,2.414,0.669,Serie A,2023/2024
2023-10-03,Fiorentina,Torino,2,2,1.362,0.896,Serie A,2023/2024
2023-10-03,Frosinone,Torino,1,3,0.589,1.474,Serie A,2023/2024
2023-10-08,Empoli,Atalanta,1,1,0.779,1.606,Serie A,2023/2024
2023-10-08,Napoli,Fiorentina,1,1,1.654,0.5,Serie A,2023/2024
2023-10-08,Atalanta,Roma,1,2,1.26,0.831,Serie A,2023/2024
2023-10-08,Sassuolo,Empoli,2,2,1.054,0.974,Serie A,2023/2024
2023-10-09,Lecce,Bologna,0,3,0.954,1.241,Serie A,2023/2024
2023-10-09,Bologna,Juventus,1,5,1.039,1.387,Serie A,2023/2024
2023-10-10,Hellas Verona,Juventus,1,3,0.5,2.106,Serie A,2023/2024
2023-10-10,Juventus,Torino,1,1,1.697,0.571,Serie A,2023/2024
2023-10-10,Bologna,Atalanta,1,1,0.982,1.209,Serie A,2023/2024
2023-10-10,Fiorentina,Lazio,0,1,1.161,0.909,Serie A,2023/2024
2023-10-15,Frosinone,Inter,0,2,0.438,2.477,Serie A,2023/2024
2023-10-15,Bologna,Roma,1,2,0.992,1.189,Serie A,2023/2024
2023-10-15,Frosinone,Cagliari,4,0,1.224,1.094,Serie A,2023/2024
2023-10-15,Bologna,Frosinone,4,2,2.019,0.521,Serie A,2023/2024
2023-10-16,Fiorentina,Atalanta,0,2,1.021,1.199,Serie A,2023/2024
2023-10-16,Juventus,Genoa,3,0,2.057,0.47,Serie A,2023/2024
2023-10-16,Udinese,Salernitana,3,1,1.777,0.684,Serie A,2023/2024
2023-10-16,Salernitana,Lecce,3,2,0.885,1.122,Serie A,2023/2024
2023-10-16,Salernitana,Udinese,0,1,0.833,1.302,Serie A,2023/2024
2023-10-17,Lecce,Hellas Verona,3,0,1.524,1.054,Serie A,2023/2024
2023-10-22,Hellas Verona,Monza,0,3,0.934,1.117,Serie A,2023/2024
2023-10-22,Cagliari,Fiorentina,1,0,0.846,1.272,Serie A,2023/2024
2023-10-22,Frosinone,Lazio,1,3,0.608,1.507,Serie A,2023/2024
2023-10-22,Frosinone,Atalanta,0,3,0.4,1.969,Serie A,2023/2024
2023-10-23,Roma,Torino,2,0,1.414,0.848,Serie A,2023/2024
2023-10-23,Juventus,Udinese,7,0,2.019,0.424,Serie A,2023/2024
2023-10-24,Cagliari,Juventus,0,3,0.709,2.087,Serie A,2023/2024
2023-10-24,Frosinone,Monza,0,3,0.791,1.24,Serie A,2023/2024
2023-10-24,Bologna,Genoa,0,0,1.507,0.723,Serie A,2023/2024
2023-10-24,Genoa,Roma,1,0,0.626,1.243,Serie A,2023/2024
2023-10-29,Empoli,Sassuolo,0,2,1.316,0.576,Serie A,2023/2024
2023-10-29,Atalanta,Juventus,1,1,1.037,0.995,Serie A,2023/2024
2023-10-30,Bologna,Monza,2,0,1.534,0.74,Serie A,2023/2024
2023-10-30,Lazio,Inter,0,6,0.816,1.442,Serie A,2023/2024
2023-10-30,Hellas Verona,Atalanta,0,1,0.568,1.735,Serie A,2023/2024
2023-10-31,Monza,Genoa,0,0,1.107,1.063,Serie A,2023/2024
2023-10-31,Milan,Bologna,0,0,1.758,0.541,Serie A,2023/2024
2023-10-31,Cagliari,Empoli,2,0,1.234,1.001,Serie A,2023/2024
2023-10-31,Inter,Torino,1,0,2.109,0.398,Serie A,2023/2024
2023-10-31,Atalanta,Lecce,4,0,2.086,0.414,Serie A,2023/2024
2023-11-05,Torino,Salernitana,1,1,2.052,0.823,Serie A,2023/2024
2023-11-05,Napoli,Torino,1,0,1.832,0.465,Serie A,2023/2024
2023-11-05,Genoa,Udinese,1,0,1.23,1.049,Serie A,2023/2024
2023-11-06,Fiorentina,Lecce,1,0,1.715,0.578,Serie A,2023/2024
2023-11-06,Napoli,Inter,0,1,1.076,1.156,Serie A,2023/2024
2023-11-06,Atalanta,Napoli,1,1,1.018,0.997,Serie A,2023/2024
2023-11-06,Udinese,Inter,0,3,0.764,2.008,Serie A,2023/2024
2023-11-07,Torino,Fiorentina,2,1,1.257,0.801,Serie A,2023/2024
2023-11-07,Fiorentina,Sassuolo,1,1,2.086,0.729,Serie A,2023/2024
2023-11-07,Monza,Napoli,0,1,0.628,1.837,Serie A,2023/2024
2023-11-12,Salernitana,Bologna,1,1,0.744,1.556,Serie A,2023/2024
2023-11-12,Hellas Verona,Napoli,2,5,0.613,1.812,Serie A,2023/2024
2023-11-12,Sassuolo,Udinese,0,2,0.93,1.335,Serie A,2023/2024
2023-11-13,Inter,Lecce,4,0,2.9,0.436,Serie A,2023/2024
2023-11-13,Sassuolo,Monza,3,0,1.066,1.034,Serie A,2023/2024
2023-11-13,Monza,Sassuolo,2,2,1.443,0.724,Serie A,2023/2024
2023-11-13,Lazio,Salernitana,4,0,2.388,0.522,Serie A,2023/2024
2023-11-14,Sassuolo,Lecce,1,0,1.197,1.22,Serie A,2023/2024
2023-11-14,Milan,Juventus,1,2,1.32,0.981,Serie A,2023/2024
2023-11-14,Genoa,Torino,2,0,1.187,0.969,Serie A,2023/2024
2023-11-19,Monza,Hellas Verona,2,1,1.444,0.728,Serie A,2023/2024
2023-11-19,Juventus,Milan,2,1,1.225,0.873,Serie A,2023/2024
2023-11-19,Roma,Monza,0,1,1.839,0.643,Serie A,2023/2024
2023-11-19,Hellas Verona,Cagliari,1,2,1.168,1.083,Serie A,2023/2024
2023-11-20,Hellas Verona,Empoli,0,0,1.134,1.05,Serie A,2023/2024
2023-11-20,Bologna,Milan,2,0,0.8,1.192,Serie A,2023/2024
2023-11-20,Cagliari,Milan,1,0,0.564,2.104,Serie A,2023/2024
2023-11-20,Roma,Frosinone,5,1,2.515,0.501,Serie A,2023/2024
2023-11-21,Atalanta,Cagliari,2,0,2.507,0.444,Serie A,2023/2024
2023-11-21,Torino,Monza,2,0,1.713,0.84,Serie A,2023/2024
2023-11-26,Empoli,Juventus,0,2,0.506,1.986,Serie A,2023/2024
2023-11-27,Atalanta,Udinese,2,1,1.987,0.74,Serie A,2023/2024
2023-11-27,Hellas Verona,Lazio,0,1,0.535,1.594,Serie A,2023/2024
2023-11-27,Udinese,Roma,1,0,0.708,1.238,Serie A,2023/2024
2023-11-27,Cagliari,Monza,2,1,1.029,1.11,Serie A,2023/2024
2023-11-28,Lazio,Cagliari,2,0,2.136,0.519,Serie A,2023/2024
2023-11-28,Cagliari,Udinese,1,4,1.009,1.188,Serie A,2023/2024
2023-11-28,Udinese,Juventus,1,0,0.843,1.531,Serie A,2023/2024
2023-11-28,Salernitana,Atalanta,0,4,0.416,2.047,Serie A,2023/2024
2023-11-28,Hellas Verona,Udinese,2,2,0.816,1.188,Serie A,2023/2024
2023-12-03,Genoa,Bologna,0,3,0.838,0.961,Serie A,2023/2024
2023-12-03,Salernitana,Juventus,1,1,0.408,2.372,Serie A,2023/2024
2023-12-03,Empoli,Lazio,1,0,0.762,1.453,Serie A,2023/2024
2023-12-03,Udinese,Fiorentina,0,0,0.934,1.196,Serie A,2023/2024
2023-12-03,Lecce,Napoli,0,1,0.917,1.643,Serie A,2023/2024
2023-12-04,Frosinone,Bologna,0,2,0.914,1.584,Serie A,2023/2024
2023-12-04,Lecce,Monza,1,4,1.24,0.908,Serie A,2023/2024
2023-12-04,Cagliari,Frosinone,0,3,1.362,0.841,Serie A,2023/2024
2023-12-05,Sassuolo,Salernitana,2,2,1.506,0.899,Serie A,2023/2024
2023-12-05,Lecce,Torino,2,0,1.0,1.144,Serie A,2023/2024
2023-12-10,Monza,Inter,0,3,0.714,1.97,Serie A,2023/2024
2023-12-10,Lecce,Fiorentina,0,1,0.768,1.49,Serie A,2023/2024
2023-12-11,Inter,Milan,3,2,1.241,0.984,Serie A,2023/2024
2023-12-11,Juventus,Napoli,2,1,1.367,1.065,Serie A,2023/2024
2023-12-11,Lazio,Roma,0,0,1.157,1.027,Serie A,2023/2024
2023-12-11,Frosinone,Juventus,1,3,0.622,2.214,Serie A,2023/2024
2023-12-12,Monza,Frosinone,4,0,1.586,0.838,Serie A,2023/2024
2023-12-12,Juventus,Sassuolo,4,2,2.679,0.558,Serie A,2023/2024
2023-12-12,Lecce,Empoli,2,0,1.333,0.699,Serie A,2023/2024
2023-12-12,Monza,Lazio,0,2,0.684,1.338,Serie A,2023/2024
2023-12-17,Juventus,Bologna,1,0,1.631,0.623,Serie A,2023/2024
2023-12-17,Genoa,Sassuolo,2,0,1.529,0.691,Serie A,2023/2024
2023-12-17,Inter,Udinese,2,0,2.421,0.3,Serie A,2023/2024
2023-12-18,Salernitana,Monza,1,1,0.948,1.099,Serie A,2023/2024
2023-12-18,Salernitana,Roma,0,1,0.487,1.855,Serie A,2023/2024
2023-12-18,Udinese,Lecce,2,1,1.596,0.637,Serie A,2023/2024
2023-12-19,Lecce,Lazio,0,1,0.748,1.463,Serie A,2023/2024
2023-12-19,Torino,Genoa,3,0,1.506,0.63,Serie A,2023/2024
2023-12-19,Atalanta,Torino,2,0,1.63,0.617,Serie A,2023/2024
2023-12-19,Empoli,Genoa,1,1,0.94,1.053,Serie A,2023/2024
2023-12-24,Monza,Roma,1,2,0.725,1.482,Serie A,2023/2024
2023-12-24,Udinese,Sassuolo,0,1,1.446,0.696,Serie A,2023/2024
2023-12-25,Hellas Verona,Bologna,1,0,0.943,1.475,Serie A,2023/2024
2023-12-26,Udinese,Hellas Verona,0,1,1.657,0.89,Serie A,2023/2024
2023-12-26,Roma,Lazio,0,2,1.319,0.784,Serie A,2023/2024
2023-12-26,Bologna,Inter,1,0,0.725,1.489,Serie A,2023/2024
2023-12-26,Milan,Fiorentina,0,0,1.498,0.381,Serie A,2023/2024
2023-12-26,Bologna,Salernitana,2,0,2.06,0.603,Serie A,2023/2024
2023-12-26,Genoa,Napoli,3,0,0.786,1.443,Serie A,2023/2024
2023-12-26,Milan,Lazio,0,0,1.424,0.616,Serie A,2023/2024
2023-12-31,Udinese,Empoli,2,0,1.564,0.715,Serie A,2023/2024
2023-12-31,Inter,Sassuolo,4,1,3.2,0.439,Serie A,2023/2024
2023-12-31,Inter,Juventus,0,2,1.508,0.785,Serie A,2023/2024
2023-12-31,Lazio,Genoa,1,2,1.626,0.673,Serie A,2023/2024
2023-12-31,Torino,Milan,1,1,0.718,1.445,Serie A,2023/2024
2023-12-31,Milan,Atalanta,1,1,1.26,0.853,Serie A,2023/2024
2024-01-01,Frosinone,Milan,1,2,0.585,2.177,Serie A,2023/2024
2024-01-01,Lecce,Udinese,3,1,1.341,1.125,Serie A,2023/2024
2024-01-02,Empoli,Torino,2,2,0.777,1.335,Serie A,2023/2024
2024-01-02,Lazio,Udinese,3,0,1.666,0.719,Serie A,2023/2024
2024-01-07,Cagliari,Lecce,1,2,1.252,1.072,Serie A,2023/2024
2024-01-07,Atalanta,Empoli,3,0,2.193,0.576,Serie A,2023/2024
2024-01-07,Juventus,Inter,1,1,1.142,1.137,Serie A,2023/2024
2024-01-07,Napoli,Bologna,1,1,1.584,0.72,Serie A,2023/2024
2024-01-07,Monza,Udinese,0,1,1.084,0.794,Serie A,2023/2024
2024-01-07,Atalanta,Milan,0,0,1.099,0.993,Serie A,2023/2024
2024-01-08,Inter,Hellas Verona,3,1,3.152,0.376,Serie A,2023/2024
2024-01-09,Inter,Monza,2,0,2.397,0.468,Serie A,2023/2024
2024-01-09,Atalanta,Hellas Verona,3,0,2.466,0.53,Serie A,2023/2024
2024-01-09,Torino,Frosinone,2,1,2.042,0.659,Serie A,2023/2024
2024-01-14,Udinese,Milan,0,1,0.686,1.695,Serie A,2023/2024
2024-01-14,Milan,Hellas Verona,2,3,2.738,0.413,Serie A,2023/2024
2024-01-14,Genoa,Lazio,1,1,0.864,1.459,Serie A,2023/2024
2024-01-14,Fiorentina,Bologna,2,0,1.502,1.075,Serie A,2023/2024
2024-01-15,Roma,Fiorentina,1,0,1.45,0.833,Serie A,2023/2024
2024-01-15,Bologna,Fiorentina,2,1,1.268,0.991,Serie A,2023/2024
2024-01-15,Inter,Roma,0,1,2.002,0.68,Serie A,2023/2024
2024-01-16,Juventus,Cagliari,1,0,2.513,0.359,Serie A,2023/2024
2024-01-16,Hellas Verona,Roma,0,1,0.767,1.511,Serie A,2023/2024
2024-01-16,Roma,Sassuolo,5,0,2.409,0.434,Serie A,2023/2024
2024-01-21,Sassuolo,Lazio,2,1,0.778,1.743,Serie A,2023/2024
2024-01-21,Udinese,Torino,1,0,1.218,1.0,Serie A,2023/2024
2024-01-22,Atalanta,Sassuolo,2,0,2.571,0.503,Serie A,2023/2024
2024-01-22,Frosinone,Empoli,2,0,1.023,0.902,Serie A,2023/2024
2024-01-22,Genoa,Salernitana,6,1,1.881,0.837,Serie A,2023/2024
2024-01-22,Cagliari,Salernitana,2,1,1.572,0.676,Serie A,2023/2024
2024-01-23,Milan,Napoli,0,1,1.218,0.95,Serie A,2023/2024
2024-01-23,Fiorentina,Frosinone,2,3,2.073,0.749,Serie A,2023/2024
2024-01-23,Lecce,Atalanta,1,1,0.674,1.7,Serie A,2023/2024
2024-01-23,Inter,Atalanta,3,1,1.605,0.854,Serie A,2023/2024
2024-01-28,Cagliari,Genoa,1,1,1.106,1.358,Serie A,2023/2024
2024-01-28,Bologna,Lazio,0,0,1.031,1.036,Serie A,2023/2024
2024-01-29,Salernitana,Hellas Verona,1,2,1.105,0.961,Serie A,2023/2024
2024-01-29,Atalanta,Inter,0,1,1.113,1.218,Serie A,2023/2024
2024-01-29,Bologna,Empoli,2,2,1.85,0.591,Serie A,2023/2024
2024-01-29,Lecce,Genoa,1,1,1.131,1.033,Serie A,2023/2024
2024-01-29,Frosinone,Sassuolo,0,0,1.126,1.088,Serie A,2023/2024
2024-01-29,Fiorentina,Monza,0,2,1.616,0.755,Serie A,2023/2024
2024-01-30,Torino,Juventus,0,2,0.76,1.361,Serie A,2023/2024
2024-01-30,Napoli,Roma,1,2,1.444,0.851,Serie A,2023/2024
2024-02-04,Frosinone,Udinese,2,2,1.05,1.198,Serie A,2023/2024
2024-02-04,Juventus,Hellas Verona,3,1,2.633,0.367,Serie A,2023/2024
2024-02-04,Empoli,Salernitana,1,1,1.504,0.754,Serie A,2023/2024
2024-02-04,Torino,Lazio,2,2,0.969,1.15,Serie A,2023/2024
2024-02-04,Cagliari,Bologna,4,0,1.001,1.498,Serie A,2023/2024
2024-02-05,Inter,Fiorentina,3,1,1.891,0.57,Serie A,2023/2024
2024-02-06,Milan,Salernitana,2,0,3.193,0.3,Serie A,2023/2024
2024-02-06,Napoli,Sassuolo,4,0,2.644,0.3,Serie A,2023/2024
2024-02-06,Bologna,Lecce,5,0,1.838,0.643,Serie A,2023/2024
2024-02-06,Milan,Frosinone,5,0,3.104,0.34,Serie A,2023/2024
2024-02-11,Fiorentina,Roma,1,0,1.192,1.083,Serie A,2023/2024
2024-02-11,Sassuolo,Atalanta,1,1,0.704,1.95,Serie A,2023/2024
2024-02-11,Atalanta,Lazio,1,0,1.599,0.777,Serie A,2023/2024
2024-02-11,Empoli,Lecce,0,0,1.179,0.856,Serie A,2023/2024
2024-02-12,Lecce,Inter,0,4,0.446,2.235,Serie A,2023/2024
2024-02-13,Lazio,Monza,2,0,1.717,0.683,Serie A,2023/2024
2024-02-13,Atalanta,Salernitana,4,0,2.939,0.433,Serie A,2023/2024
2024-02-13,Bologna,Hellas Verona,6,0,1.838,0.716,Serie A,2023/2024
2024-02-13,Frosinone,Genoa,0,3,0.726,1.469,Serie A,2023/2024
2024-02-13,Roma,Bologna,3,1,1.474,0.753,Serie A,2023/2024
2024-02-18,Roma,Salernitana,2,0,2.549,0.3,Serie A,2023/2024
2024-02-18,Hellas Verona,Milan,0,2,0.546,1.96,Serie A,2023/2024
2024-02-18,Lazio,Hellas Verona,0,1,1.927,0.697,Serie A,2023/2024
2024-02-18,Udinese,Atalanta,0,1,0.766,1.476,Serie A,2023/2024
2024-02-19,Inter,Empoli,2,0,2.897,0.3,Serie A,2023/2024
2024-02-19,Inter,Lazio,1,0,1.849,0.741,Serie A,2023/2024
2024-02-19,Cagliari,Inter,0,2,0.854,2.261,Serie A,2023/2024
2024-02-19,Milan,Monza,4,0,2.289,0.38,Serie A,2023/2024
2024-02-19,Atalanta,Monza,6,0,1.988,0.608,Serie A,2023/2024
2024-02-20,Napoli,Milan,3,2,1.484,1.148,Serie A,2023/2024
2024-02-25,Genoa,Hellas Verona,1,1,1.674,0.836,Serie A,2023/2024
2024-02-25,Salernitana,Cagliari,1,1,1.112,1.249,Serie A,2023/2024
2024-02-25,Lazio,Lecce,3,1,2.12,0.773,Serie A,2023/2024
2024-02-26,Lazio,Juventus,1,1,0.818,0.983,Serie A,2023/2024
2024-02-26,Salernitana,Torino,1,3,0.651,1.808,Serie A,2023/2024
2024-02-27,Fiorentina,Empoli,0,0,1.97,0.851,Serie A,2023/2024
2024-02-27,Napoli,Frosinone,4,0,2.68,0.663,Serie A,2023/2024
2024-02-27,Monza,Bologna,1,2,1.013,1.164,Serie A,2023/2024
2024-02-27,Salernitana,Sassuolo,1,0,1.182,0.891,Serie A,2023/2024
2024-02-27,Lazio,Fiorentina,3,1,1.443,0.875,Serie A,2023/2024
2024-03-03,Salernitana,Inter,0,1,0.4,2.79,Serie A,2023/2024
2024-03-03,Cagliari,Sassuolo,3,3,1.443,0.789,Serie A,2023/2024
2024-03-03,Lecce,Juventus,0,1,0.655,1.7,Serie A,2023/2024
2024-03-03,Fiorentina,Hellas Verona,4,0,2.236,0.526,Serie A,2023/2024
2024-03-03,Napoli,Udinese,2,2,1.993,0.692,Serie A,2023/2024
2024-03-03,Napoli,Juventus,0,2,1.336,1.008,Serie A,2023/2024
2024-03-03,Udinese,Lazio,0,1,1.037,1.319,Serie A,2023/2024
2024-03-04,Empoli,Cagliari,3,1,1.208,0.97,Serie A,2023/2024
2024-03-04,Salernitana,Genoa,3,0,0.959,1.387,Serie A,2023/2024
2024-03-04,Roma,Hellas Verona,2,1,2.308,0.628,Serie A,2023/2024
2024-03-10,Monza,Fiorentina,0,4,0.904,1.299,Serie A,2023/2024
2024-03-10,Torino,Bologna,1,1,1.356,0.844,Serie A,2023/2024
2024-03-10,Monza,Torino,0,3,0.932,1.32,Serie A,2023/2024
2024-03-11,Hellas Verona,Lecce,1,2,1.187,0.973,Serie A,2023/2024
2024-03-11,Lecce,Cagliari,1,0,1.27,0.69,Serie A,2023/2024
2024-03-12,Genoa,Cagliari,0,2,1.53,0.707,Serie A,2023/2024
2024-03-12,Roma,Atalanta,3,4,1.339,1.03,Serie A,2023/2024
2024-03-12,Sassuolo,Napoli,0,2,0.513,2.017,Serie A,2023/2024
2024-03-12,Lecce,Salernitana,3,0,1.8,0.721,Serie A,2023/2024
2024-03-12,Torino,Lecce,3,1,1.655,0.682,Serie A,2023/2024
2024-03-17,Sassuolo,Inter,0,2,0.486,2.387,Serie A,2023/2024
2024-03-18,Juventus,Frosinone,3,1,2.859,0.689,Serie A,2023/2024
2024-03-18,Bologna,Sassuolo,3,0,2.056,0.622,Serie A,2023/2024
2024-03-18,Roma,Udinese,1,2,1.778,0.789,Serie A,2023/2024
2024-03-19,Empoli,Frosinone,0,0,1.376,0.793,Serie A,2023/2024
2024-03-19,Genoa,Milan,1,1,0.729,1.547,Serie A,2023/2024
2024-03-19,Cagliari,Torino,1,2,0.977,1.411,Serie A,2023/2024
2024-03-19,Inter,Genoa,2,1,2.369,0.566,Serie A,2023/2024
2024-03-19,Empoli,Fiorentina,0,4,0.734,1.376,Serie A,2023/2024
2024-03-19,Bologna,Udinese,3,1,1.671,0.831,Serie A,2023/2024
2024-03-24,Atalanta,Fiorentina,0,1,1.435,0.839,Serie A,2023/2024
2024-03-24,Empoli,Bologna,0,1,0.817,1.393,Serie A,2023/2024
2024-03-25,Fiorentina,Salernitana,0,1,2.484,0.302,Serie A,2023/2024
2024-03-25,Napoli,Genoa,1,1,2.126,0.676,Serie A,2023/2024
2024-03-25,Hellas Verona,Inter,1,2,0.472,2.499,Serie A,2023/2024
2024-03-26,Empoli,Napoli,1,1,0.592,1.992,Serie A,2023/2024
2024-03-26,Frosinone,Roma,0,4,0.666,1.886,Serie A,2023/2024
2024-03-26,Inter,Salernitana,3,1,3.2,0.3,Serie A,2023/2024
2024-03-26,Napoli,Lazio,3,1,1.419,0.707,Serie A,2023/2024
2024-03-26,Salernitana,Empoli,1,0,1.113,1.151,Serie A,2023/2024
2024-03-31,Inter,Napoli,4,0,1.6,1.056,Serie A,2023/2024
2024-03-31,Inter,Bologna,4,0,2.069,0.768,Serie A,2023/2024
2024-03-31,Udinese,Genoa,0,3,1.347,1.028,Serie A,2023/2024
2024-03-31,Frosinone,Fiorentina,1,1,0.76,1.785,Serie A,2023/2024
2024-04-01,Atalanta,Bologna,1,1,1.389,0.728,Serie A,2023/2024
2024-04-01,Udinese,Monza,2,0,1.412,0.987,Serie A,2023/2024
2024-04-02,Monza,Lecce,0,2,1.527,0.629,Serie A,2023/2024
2024-04-02,Monza,Salernitana,0,4,1.576,0.83,Serie A,2023/2024
2024-04-02,Fiorentina,Inter,0,5,0.805,1.525,Serie A,2023/2024
2024-04-02,Torino,Napoli,1,1,0.944,1.303,Serie A,2023/2024
2024-04-07,Bologna,Napoli,1,1,0.971,1.298,Serie A,2023/2024
2024-04-07,Sassuolo,Roma,1,2,0.642,2.023,Serie A,2023/2024
2024-04-07,Fiorentina,Napoli,1,1,0.908,1.061,Serie A,2023/2024
2024-04-07,Milan,Empoli,3,0,2.368,0.418,Serie A,2023/2024
2024-04-08,Lecce,Milan,1,1,0.4,2.088,Serie A,2023/2024
2024-04-08,Juventus,Monza,1,0,2.226,0.517,Serie A,2023/2024
2024-04-08,Salernitana,Lazio,0,3,0.543,1.858,Serie A,2023/2024
2024-04-08,Cagliari,Napoli,1,0,0.628,1.876,Serie A,2023/2024
2024-04-08,Lecce,Roma,2,1,0.845,1.71,Serie A,2023/2024
2024-04-09,Milan,Inter,1,1,1.115,1.082,Serie A,2023/2024
2024-04-14,Sassuolo,Genoa,0,0,0.989,1.54,Serie A,2023/2024
2024-04-14,Fiorentina,Juventus,1,1,0.929,1.103,Serie A,2023/2024
2024-04-14,Torino,Inter,1,0,0.647,1.604,Serie A,2023/2024
2024-04-15,Cagliari,Lazio,0,0,0.957,1.518,Serie A,2023/2024
2024-04-15,Lazio,Napoli,2,1,1.065,1.147,Serie A,2023/2024
2024-04-15,Genoa,Fiorentina,1,1,1.085,1.22,Serie A,2023/2024
2024-04-15,Napoli,Lecce,2,0,2.175,0.414,Serie A,2023/2024
2024-04-16,Roma,Juventus,1,1,1.137,1.12,Serie A,2023/2024
2024-04-16,Genoa,Lecce,0,0,1.445,0.631,Serie A,2023/2024
2024-04-16,Milan,Roma,0,2,1.525,0.735,Serie A,2023/2024
2024-04-21,Milan,Lecce,1,0,2.462,0.3,Serie A,2023/2024
2024-04-21,Milan,Genoa,4,0,2.284,0.582,Serie A,2023/2024
2024-04-21,Atalanta,Genoa,0,2,2.17,0.83,Serie A,2023/2024
2024-04-21,Monza,Atalanta,0,1,0.731,1.524,Serie A,2023/2024
2024-04-22,Inter,Cagliari,3,1,2.962,0.3,Serie A,2023/2024
2024-04-22,Salernitana,Milan,1,2,0.4,2.264,Serie A,2023/2024
2024-04-23,Frosinone,Lecce,0,1,0.882,1.046,Serie A,2023/2024
2024-04-23,Frosinone,Salernitana,0,0,1.4,1.008,Serie A,2023/2024
2024-04-23,Fiorentina,Milan,1,2,0.988,1.226,Serie A,2023/2024
2024-04-23,Torino,Udinese,2,3,1.636,0.871,Serie A,2023/2024
2024-04-28,Monza,Milan,0,3,0.708,1.798,Serie A,2023/2024
2024-04-28,Napoli,Atalanta,1,1,1.34,0.979,Serie A,2023/2024
2024-04-28,Bologna,Torino,1,2,1.346,0.916,Serie A,2023/2024
2024-04-28,Roma,Napoli,3,1,1.136,1.104,Serie A,2023/2024
2024-04-28,Lazio,Empoli,1,0,1.981,0.619,Serie A,2023/2024
2024-04-29,Udinese,Cagliari,2,1,1.618,0.716,Serie A,2023/2024
2024-04-29,Sassuolo,Bologna,2,2,0.813,1.635,Serie A,2023/2024
2024-04-29,Fiorentina,Genoa,1,1,1.339,0.757,Serie A,2023/2024
2024-04-29,Milan,Sassuolo,4,0,3.003,0.547,Serie A,2023/2024
2024-04-30,Juventus,Salernitana,4,0,3.011,0.45,Serie A,2023/2024
2024-05-05,Genoa,Atalanta,0,1,0.853,1.252,Serie A,2023/2024
2024-05-05,Sassuolo,Fiorentina,1,6,0.981,1.533,Serie A,2023/2024
2024-05-05,Udinese,Bologna,0,1,0.706,1.156,Serie A,2023/2024
2024-05-05,Genoa,Monza,3,1,1.167,0.976,Serie A,2023/2024
2024-05-06,Juventus,Fiorentina,1,1,1.423,0.668,Serie A,2023/2024
2024-05-06,Fiorentina,Cagliari,1,0,2.057,0.483,Serie A,2023/2024
2024-05-06,Inter,Frosinone,3,0,3.2,0.3,Serie A,2023/2024
2024-05-06,Roma,Inter,2,1,0.919,1.453,Serie A,2023/2024
2024-05-07,Monza,Empoli,1,1,1.418,0.753,Serie A,2023/2024
2024-05-07,Hellas Verona,Frosinone,5,1,1.455,0.955,Serie A,2023/2024
2024-08-20,Atalanta,Monza,0,0,1.899,0.66,Serie A,2024/2025
2024-08-20,Hellas Verona,Cagliari,1,1,1.139,1.316,Serie A,2024/2025
2024-08-21,Hellas Verona,Genoa,4,1,1.05,1.145,Serie A,2024/2025
2024-08-21,Napoli,Genoa,1,1,2.072,0.619,Serie A,2024/2025
2024-08-21,Monza,Torino,0,3,1.062,1.165,Serie A,2024/2025
2024-08-21,Genoa,Milan,0,0,0.524,1.732,Serie A,2024/2025
2024-08-22,Fiorentina,Hellas Verona,4,0,1.98,0.461,Serie A,2024/2025
2024-08-22,Napoli,Sassuolo,1,0,2.424,0.532,Serie A,2024/2025
2024-08-22,Genoa,Atalanta,0,1,0.748,1.336,Serie A,2024/2025
2024-08-22,Monza,Empoli,2,0,1.211,0.877,Serie A,2024/2025
2024-08-27,Monza,Lazio,1,3,1.029,1.342,Serie A,2024/2025
2024-08-28,Lecce,Napoli,0,3,0.4,1.874,Serie A,2024/2025
2024-08-28,Udinese,Fiorentina,2,2,1.071,1.167,Serie A,2024/2025
2024-08-28,Monza,Cagliari,3,0,1.408,0.797,Serie A,2024/2025
2024-08-28,Empoli,Udinese,4,2,1.124,1.372,Serie A,2024/2025
2024-08-28,Lazio,Monza,1,0,1.754,0.571,Serie A,2024/2025
2024-08-29,Milan,Frosinone,3,0,3.137,0.345,Serie A,2024/2025
2024-08-29,Milan,Salernitana,5,0,3.102,0.381,Serie A,2024/2025
2024-08-29,Udinese,Atalanta,0,2,0.821,1.23,Serie A,2024/2025
2024-08-29,Cagliari,Torino,0,2,0.932,1.279,Serie A,2024/2025
2024-09-03,Lecce,Salernitana,2,2,1.456,0.773,Serie A,2024/2025
2024-09-03,Salernitana,Bologna,0,1,0.795,1.678,Serie A,2024/2025
2024-09-03,Sassuolo,Inter,0,1,0.556,2.256,Serie A,2024/2025
2024-09-03,Bologna,Genoa,1,0,1.434,0.603,Serie A,2024/2025
2024-09-04,Sassuolo,Monza,1,1,1.155,1.081,Serie A,2024/2025
2024-09-04,Frosinone,Atalanta,0,6,0.559,2.035,Serie A,2024/2025
2024-09-04,Monza,Bologna,0,1,1.01,1.131,Serie A,2024/2025
2024-09-05,Napoli,Lazio,2,0,1.835,0.675,Serie A,2024/2025
2024-09-05,Inter,Salernitana,0,0,3.2,0.3,Serie A,2024/2025
2024-09-05,Atalanta,Cagliari,4,1,2.221,0.461,Serie A,2024/2025
2024-09-10,Empoli,Inter,0,2,0.521,2.138,Serie A,2024/2025
2024-09-10,Torino,Roma,0,1,0.821,1.179,Serie A,2024/2025
2024-09-11,Sassuolo,Cagliari,1,0,1.174,0.979,Serie A,2024/2025
2024-09-12,Empoli,Lazio,0,3,0.811,1.617,Serie A,2024/2025
2024-09-12,Juventus,Udinese,1,1,2.024,0.475,Serie A,2024/2025
2024-09-12,Monza,Genoa,2,1,1.081,0.893,Serie A,2024/2025
2024-09-12,Bologna,Empoli,3,1,1.936,0.588,Serie A,2024/2025
2024-09-12,Bologna,Sassuolo,1,0,1.93,0.666,Serie A,2024/2025
2024-09-12,Cagliari,Lecce,4,0,1.162,0.92,Serie A,2024/2025
2024-09-12,Juventus,Salernitana,5,0,2.996,0.3,Serie A,2024/2025
2024-09-17,Napoli,Fiorentina,0,1,1.538,0.77,Serie A,2024/2025
2024-09-18,Torino,Juventus,3,1,0.906,1.489,Serie A,2024/2025
2024-09-18,Genoa,Frosinone,2,0,1.819,0.63,Serie A,2024/2025
2024-09-18,Juventus,Napoli,3,0,1.38,0.94,Serie A,2024/2025
2024-09-18,Frosinone,Udinese,1,2,0.881,1.262,Serie A,2024/2025
2024-09-18,Juventus,Lazio,0,1,1.628,0.635,Serie A,2024/2025
2024-09-19,Atalanta,Udinese,2,0,2.038,0.559,Serie A,2024/2025
2024-09-19,Juventus,Cagliari,3,0,2.568,0.537,Serie A,2024/2025
2024-09-19,Genoa,Salernitana,0,1,1.78,0.524,Serie A,2024/2025
2024-09-19,Lazio,Bologna,0,1,1.359,0.903,Serie A,2024/2025
2024-09-24,Napoli,Atalanta,1,1,1.249,0.971,Serie A,2024/2025
2024-09-24,Frosinone,Fiorentina,0,1,0.765,1.536,Serie A,2024/2025
2024-09-25,Bologna,Inter,0,1,0.501,1.315,Serie A,2024/2025
2024-09-25,Monza,Napoli,0,1,0.495,1.667,Serie A,2024/2025
2024-09-25,Atalanta,Juventus,0,3,1.1,1.18,Serie A,2024/2025
2024-09-26,Hellas Verona,Udinese,0,1,0.907,1.421,Serie A,2024/2025
2024-09-26,Monza,Sassuolo,1,0,1.572,0.895,Serie A,2024/2025
2024-09-26,Salernitana,Lazio,0,2,0.708,1.901,Serie A,2024/2025
2024-09-26,Milan,Lecce,2,1,2.606,0.83,Serie A,2024/2025
2024-09-26,Udinese,Lecce,0,1,1.403,1.01,Serie A,2024/2025
2024-10-01,Udinese,Lazio,0,0,1.118,1.194,Serie A,2024/2025
2024-10-01,Genoa,Napoli,0,1,0.703,1.501,Serie A,2024/2025
2024-10-01,Hellas Verona,Frosinone,1,0,1.404,0.787,Serie A,2024/2025
2024-10-01,Genoa,Inter,0,3,0.683,1.867,Serie A,2024/2025
2024-10-01,Frosinone,Roma,0,2,0.667,1.612,Serie A,2024/2025
2024-10-02,Napoli,Frosinone,5,1,2.777,0.3,Serie A,2024/2025
2024-10-02,Inter,Lecce,4,1,2.814,0.3,Serie A,2024/2025
2024-10-02,Udinese,Milan,1,2,0.746,1.704,Serie A,2024/2025
2024-10-03,Napoli,Hellas Verona,5,0,2.525,0.496,Serie A,2024/2025
2024-10-03,Udinese,Hellas Verona,2,0,1.453,0.783,Serie A,2024/2025
2024-10-08,Genoa,Udinese,1,0,1.254,0.893,Serie A,2024/2025
2024-10-08,Fiorentina,Udinese,2,1,1.596,0.942,Serie A,2024/2025
2024-10-09,Fiorentina,Genoa,3,1,1.648,0.489,Serie A,2024/2025
2024-10-09,Cagliari,Salernitana,1,1,1.682,0.777,Serie A,2024/2025
2024-10-10,Lazio,Juventus,0,2,0.942,1.209,Serie A,2024/2025
2024-10-10,Bologna,Roma,3,0,0.953,1.245,Serie A,2024/2025
2024-10-10,Lecce,Empoli,1,1,1.403,0.752,Serie A,2024/2025
2024-10-10,Lazio,Fiorentina,1,1,1.322,0.89,Serie A,2024/2025
2024-10-10,Genoa,Juventus,1,0,0.784,1.541,Serie A,2024/2025
2024-10-10,Juventus,Inter,1,1,1.4,1.127,Serie A,2024/2025
2024-10-15,Inter,Empoli,3,0,2.751,0.453,Serie A,2024/2025
2024-10-15,Frosinone,Lecce,2,2,0.985,0.996,Serie A,2024/2025
2024-10-15,Empoli,Salernitana,3,0,1.492,1.004,Serie A,2024/2025
2024-10-15,Bologna,Hellas Verona,2,0,1.891,0.815,Serie A,2024/2025
2024-10-16,Salernitana,Frosinone,0,0,1.11,0.937,Serie A,2024/2025
2024-10-17,Atalanta,Milan,1,3,0.955,1.087,Serie A,2024/2025
2024-10-17,Napoli,Lecce,1,0,2.445,0.608,Serie A,2024/2025
2024-10-17,Inter,Atalanta,3,2,1.665,0.71,Serie A,2024/2025
2024-10-17,Bologna,Napoli,0,0,0.726,1.117,Serie A,2024/2025
2024-10-17,Salernitana,Napoli,1,1,0.4,2.199,Serie A,2024/2025
2024-10-22,Lecce,Frosinone,2,0,1.395,0.861,Serie A,2024/2025
2024-10-22,Inter,Hellas Verona,3,0,3.096,0.429,Serie A,2024/2025
2024-10-22,Udinese,Sassuolo,1,1,1.7,0.701,Serie A,2024/2025
2024-10-22,Lazio,Roma,1,2,1.204,0.934,Serie A,2024/2025
2024-10-22,Torino,Lecce,2,1,1.738,0.94,Serie A,2024/2025
2024-10-22,Monza,Lecce,1,0,1.559,0.922,Serie A,2024/2025
2024-10-23,Lazio,Napoli,0,0,1.35,0.913,Serie A,2024/2025
2024-10-23,Atalanta,Empoli,0,0,2.492,0.558,Serie A,2024/2025
2024-10-23,Inter,Lazio,3,0,1.697,0.76,Serie A,2024/2025
2024-10-24,Fiorentina,Milan,1,0,1.097,1.121,Serie A,2024/2025
2024-10-29,Empoli,Milan,2,4,0.588,1.842,Serie A,2024/2025
2024-10-29,Hellas Verona,Torino,3,3,0.938,1.557,Serie A,2024/2025
2024-10-29,Lecce,Udinese,2,1,1.093,0.97,Serie A,2024/2025
2024-10-29,Juventus,Roma,0,0,1.352,0.756,Serie A,2024/2025
2024-10-29,Fiorentina,Inter,0,1,0.665,1.233,Serie A,2024/2025
2024-10-30,Salernitana,Torino,0,1,0.889,1.444,Serie A,2024/2025
2024-10-30,Bologna,Monza,1,2,1.62,0.971,Serie A,2024/2025
2024-10-31,Juventus,Torino,2,1,1.826,0.798,Serie A,2024/2025
2024-10-31,Monza,Juventus,0,0,0.622,1.85,Serie A,2024/2025
2024-10-31,Hellas Verona,Inter,0,4,0.55,2.397,Serie A,2024/2025
2024-11-05,Empoli,Bologna,1,0,0.765,1.359,Serie A,2024/2025
2024-11-05,Torino,Atalanta,2,1,0.848,1.235,Serie A,2024/2025
2024-11-05,Milan,Monza,1,0,2.232,0.558,Serie A,2024/2025
2024-11-05,Sassuolo,Hellas Verona,0,2,1.318,1.096,Serie A,2024/2025
2024-11-05,Cagliari,Atalanta,1,5,0.551,1.957,Serie A,2024/2025
2024-11-06,Genoa,Cagliari,1,0,1.577,0.85,Serie A,2024/2025
2024-11-06,Fiorentina,Bologna,2,1,1.399,1.082,Serie A,2024/2025
2024-11-06,Frosinone,Milan,0,3,0.4,2.475,Serie A,2024/2025
2024-11-06,Lazio,Inter,0,2,0.819,1.298,Serie A,2024/2025
2024-11-07,Lazio,Sassuolo,5,1,2.443,0.676,Serie A,2024/2025
2024-11-12,Milan,Fiorentina,4,2,1.701,0.696,Serie A,2024/2025
2024-11-12,Atalanta,Fiorentina,0,0,1.411,0.895,Serie A,2024/2025
2024-11-12,Torino,Hellas Verona,2,0,1.81,0.604,Serie A,2024/2025
2024-11-13,Hellas Verona,Napoli,0,1,0.729,2.206,Serie A,2024/2025
2024-11-13,Frosinone,Salernitana,0,1,1.112,0.863,Serie A,2024/2025
2024-11-13,Fiorentina,Napoli,1,1,1.013,1.058,Serie A,2024/2025
2024-11-13,Milan,Atalanta,1,3,1.553,0.918,Serie A,2024/2025
2024-11-13,Udinese,Bologna,1,0,1.069,1.394,Serie A,2024/2025
2024-11-14,Udinese,Juventus,0,3,0.621,1.574,Serie A,2024/2025
2024-11-14,Bologna,Milan,0,0,0.824,1.49,Serie A,2024/2025
2024-11-19,Monza,Inter,1,0,0.4,1.977,Serie A,2024/2025
2024-11-19,Empoli,Juventus,0,2,0.724,1.774,Serie A,2024/2025
2024-11-19,Bologna,Fiorentina,3,0,1.128,1.015,Serie A,2024/2025
2024-11-19,Milan,Bologna,3,0,1.781,0.418,Serie A,2024/2025
2024-11-20,Salernitana,Hellas Verona,2,2,0.987,1.061,Serie A,2024/2025
2024-11-20,Monza,Hellas Verona,1,1,1.371,0.979,Serie A,2024/2025
2024-11-21,Fiorentina,Sassuolo,1,0,1.803,0.457,Serie A,2024/2025
2024-11-21,Milan,Sassuolo,5,0,2.78,0.599,Serie A,2024/2025
2024-11-21,Udinese,Frosinone,0,1,2.043,0.77,Serie A,2024/2025
2024-11-21,Torino,Napoli,3,1,1.006,1.203,Serie A,2024/2025
2024-11-26,Cagliari,Genoa,0,1,0.923,1.438,Serie A,2024/2025
2024-11-26,Empoli,Atalanta,0,4,0.769,1.791,Serie A,2024/2025
2024-11-26,Monza,Milan,0,3,0.714,1.829,Serie A,2024/2025
2024-11-27,Milan,Udinese,2,0,2.197,0.894,Serie A,2024/2025
2024-11-27,Lecce,Juventus,1,0,0.779,1.771,Serie A,2024/2025
2024-11-27,Genoa,Sassuolo,3,0,1.765,0.601,Serie A,2024/2025
2024-11-28,Udinese,Empoli,3,1,1.582,0.698,Serie A,2024/2025
2024-11-28,Inter,Bologna,2,1,2.059,0.672,Serie A,2024/2025
2024-11-28,Torino,Udinese,0,1,1.336,0.879,Serie A,2024/2025
2024-11-28,Hellas Verona,Sassuolo,3,2,1.259,0.739,Serie A,2024/2025
2024-12-03,Atalanta,Hellas Verona,0,1,2.438,0.43,Serie A,2024/2025
2024-12-03,Salernitana,Lecce,1,1,0.917,1.29,Serie A,2024/2025
2024-12-04,Napoli,Roma,1,0,1.527,1.079,Serie A,2024/2025
2024-12-04,Inter,Frosinone,4,0,3.2,0.3,Serie A,2024/2025
2024-12-04,Napoli,Salernitana,3,1,2.864,0.331,Serie A,2024/2025
2024-12-04,Sassuolo,Milan,1,2,0.508,2.128,Serie A,2024/2025
2024-12-04,Roma,Sassuolo,2,0,2.222,0.681,Serie A,2024/2025
2024-12-04,Hellas Verona,Milan,0,0,0.767,2.101,Serie A,2024/2025
2024-12-05,Salernitana,Empoli,0,4,1.167,1.183,Serie A,2024/2025
2024-12-05,Fiorentina,Salernitana,4,1,2.343,0.539,Serie A,2024/2025
2024-12-10,Torino,Empoli,3,2,1.677,0.817,Serie A,2024/2025
2024-12-10,Napoli,Torino,1,1,1.821,0.578,Serie A,2024/2025
2024-12-10,Juventus,Genoa,0,0,2.117,0.717,Serie A,2024/2025
2024-12-11,Napoli,Bologna,1,0,1.793,0.79,Serie A,2024/2025
2024-12-11,Juventus,Lecce,1,0,2.387,0.372,Serie A,2024/2025
2024-12-11,Milan,Cagliari,3,0,2.746,0.3,Serie A,2024/2025
2024-12-12,Cagliari,Fiorentina,2,2,0.791,1.414,Serie A,2024/2025
2024-12-12,Fiorentina,Roma,0,0,1.064,0.886,Serie A,2024/2025
2024-12-12,Salernitana,Fiorentina,0,3,0.663,1.548,Serie A,2024/2025
2024-12-12,Torino,Inter,0,4,0.764,1.528,Serie A,2024/2025
2024-12-17,Napoli,Empoli,3,0,2.36,0.43,Serie A,2024/2025
2024-12-18,Sassuolo,Salernitana,1,1,1.325,0.838,Serie A,2024/2025
2024-12-18,Udinese,Torino,0,0,1.136,0.993,Serie A,2024/2025
2024-12-18,Napoli,Milan,1,2,1.263,0.878,Serie A,2024/2025
2024-12-19,Torino,Lazio,0,0,1.024,0.999,Serie A,2024/2025
2024-12-19,Empoli,Torino,1,0,0.885,1.406,Serie A,2024/2025
2024-12-19,Napoli,Inter,0,0,1.115,1.222,Serie A,2024/2025
2024-12-19,Atalanta,Torino,2,0,1.573,0.477,Serie A,2024/2025
2024-12-19,Cagliari,Lazio,0,4,0.721,1.633,Serie A,2024/2025
2024-12-19,Salernitana,Monza,1,3,0.838,1.523,Serie A,2024/2025
2024-12-24,Empoli,Genoa,0,1,1.121,1.218,Serie A,2024/2025
2024-12-24,Inter,Cagliari,5,0,3.023,0.401,Serie A,2024/2025
2024-12-24,Milan,Empoli,6,0,2.704,0.533,Serie A,2024/2025
2024-12-25,Bologna,Cagliari,2,0,1.959,0.712,Serie A,2024/2025
2024-12-25,Lecce,Atalanta,0,2,0.686,1.876,Serie A,2024/2025
2024-12-25,Inter,Roma,1,0,1.464,0.548,Serie A,2024/2025
2024-12-25,Sassuolo,Juventus,1,3,0.528,2.212,Serie A,2024/2025
2024-12-25,Fiorentina,Cagliari,1,0,1.91,0.606,Serie A,2024/2025
2024-12-25,Roma,Fiorentina,3,1,1.262,0.84,Serie A,2024/2025
2024-12-26,Lecce,Milan,1,0,0.687,1.718,Serie A,2024/2025
2024-12-31,Bologna,Frosinone,5,0,2.138,0.411,Serie A,2024/2025
2024-12-31,Lecce,Monza,1,1,1.22,0.803,Serie A,2024/2025
2025-01-01,Sassuolo,Empoli,1,0,1.049,1.171,Serie A,2024/2025
2025-01-01,Fiorentina,Torino,1,0,1.356,0.801,Serie A,2024/2025
2025-01-01,Inter,Fiorentina,0,0,1.847,0.394,Serie A,2024/2025
2025-01-01,Monza,Fiorentina,2,3,0.984,1.458,Serie A,2024/2025
2025-01-02,Lazio,Salernitana,4,2,2.306,0.647,Serie A,2024/2025
2025-01-02,Monza,Udinese,1,0,1.157,0.895,Serie A,2024/2025
2025-01-02,Lecce,Hellas Verona,4,2,1.47,0.939,Serie A,2024/2025
2025-01-02,Juventus,Sassuolo,3,0,2.699,0.66,Serie A,2024/2025
2025-01-07,Roma,Inter,2,1,0.945,1.293,Serie A,2024/2025
2025-01-07,Fiorentina,Lecce,2,3,1.861,0.702,Serie A,2024/2025
2025-01-07,Udinese,Genoa,1,0,1.34,0.759,Serie A,2024/2025
2025-01-08,Lecce,Roma,1,1,0.72,1.686,Serie A,2024/2025
2025-01-08,Milan,Torino,2,0,1.67,0.659,Serie A,2024/2025
2025-01-08,Lazio,Cagliari,1,1,2.099,0.386,Serie A,2024/2025
2025-01-08,Monza,Atalanta,2,0,0.752,1.43,Serie A,2024/2025
2025-01-09,Torino,Monza,1,0,1.472,0.761,Serie A,2024/2025
2025-01-09,Sassuolo,Frosinone,0,0,1.406,0.981,Serie A,2024/2025
2025-01-09,Roma,Lecce,1,0,2.005,0.707,Serie A,2024/2025
2025-01-14,Lecce,Sassuolo,2,0,1.629,0.669,Serie A,2024/2025
2025-01-14,Empoli,Sassuolo,3,0,1.512,0.856,Serie A,2024/2025
2025-01-15,Frosinone,Empoli,0,0,1.151,0.762,Serie A,2024/2025
2025-01-15,Hellas Verona,Bologna,2,4,0.658,1.561,Serie A,2024/2025
2025-01-15,Juventus,Bologna,0,0,1.789,0.86,Serie A,2024/2025
2025-01-15,Empoli,Napoli,1,2,0.552,1.838,Serie A,2024/2025
2025-01-15,Torino,Salernitana,0,1,1.946,0.553,Serie A,2024/2025
2025-01-16,Lazio,Frosinone,2,0,2.185,0.3,Serie A,2024/2025
2025-01-16,Roma,Bologna,0,2,1.57,1.044,Serie A,2024/2025
2025-01-16,Roma,Empoli,0,2,2.087,0.7,Serie A,2024/2025
2025-01-21,Juventus,Empoli,3,1,2.476,0.445,Serie A,2024/2025
2025-01-21,Frosinone,Napoli,0,1,0.478,2.175,Serie A,2024/2025
2025-01-22,Torino,Genoa,3,3,1.507,1.039,Serie A,2024/2025
2025-01-22,Genoa,Monza,1,2,1.233,0.961,Serie A,2024/2025
2025-01-22,Cagliari,Empoli,1,0,1.279,1.159,Serie A,2024/2025
2025-01-23,Genoa,Lecce,0,0,1.516,0.791,Serie A,2024/2025
2025-01-23,Cagliari,Sassuolo,1,3,1.202,0.847,Serie A,2024/2025
2025-01-23,Salernitana,Atalanta,2,0,0.569,2.072,Serie A,2024/2025
2025-01-23,Udinese,Cagliari,2,1,1.607,0.895,Serie A,2024/2025
2025-01-23,Inter,Sassuolo,4,2,3.147,0.51,Serie A,2024/2025
2025-01-28,Atalanta,Genoa,1,2,1.691,0.598,Serie A,2024/2025
2025-01-28,Bologna,Juventus,0,0,0.637,1.233,Serie A,2024/2025
2025-01-28,Lazio,Milan,2,2,1.006,1.233,Serie A,2024/2025
2025-01-28,Napoli,Juventus,4,1,1.287,0.966,Serie A,2024/2025
2025-01-28,Milan,Genoa,1,2,2.039,0.64,Serie A,2024/2025
2025-01-28,Cagliari,Bologna,0,1,0.858,1.39,Serie A,2024/2025
2025-01-30,Lecce,Inter,0,1,0.545,1.947,Serie A,2024/2025
2025-01-30,Udinese,Roma,0,0,0.747,1.468,Serie A,2024/2025
2025-01-30,Salernitana,Sassuolo,1,0,1.278,1.176,Serie A,2024/2025
2025-01-30,Torino,Bologna,1,0,1.488,1.134,Serie A,2024/2025
2025-02-04,Sassuolo,Napoli,0,1,0.54,2.195,Serie A,2024/2025
2025-02-04,Milan,Napoli,2,2,1.252,1.069,Serie A,2024/2025
2025-02-05,Torino,Cagliari,0,0,1.513,0.761,Serie A,2024/2025
2025-02-05,Atalanta,Napoli,1,0,1.21,1.26,Serie A,2024/2025
2025-02-05,Hellas Verona,Salernitana,2,0,1.426,0.959,Serie A,2024/2025
2025-02-06,Roma,Cagliari,4,1,2.421,0.668,Serie A,2024/2025
2025-02-06,Sassuolo,Torino,0,4,0.606,1.536,Serie A,2024/2025
2025-02-06,Lecce,Genoa,3,0,1.4,1.279,Serie A,2024/2025
2025-02-06,Atalanta,Lazio,3,1,1.446,0.832,Serie A,2024/2025
2025-02-06,Bologna,Lecce,4,0,1.785,0.607,Serie A,2024/2025
2025-02-11,Atalanta,Roma,1,1,1.211,0.895,Serie A,2024/2025
2025-02-11,Sassuolo,Lazio,1,1,0.647,1.61,Serie A,2024/2025
2025-02-11,Cagliari,Milan,0,3,0.785,2.074,Serie A,2024/2025
2025-02-11,Roma,Juventus,0,2,1.086,1.359,Serie A,2024/2025
2025-02-12,Milan,Hellas Verona,3,1,2.914,0.45,Serie A,2024/2025
2025-02-12,Hellas Verona,Lazio,0,1,0.705,1.607,Serie A,2024/2025
2025-02-13,Salernitana,Inter,0,3,0.452,2.553,Serie A,2024/2025
2025-02-13,Lecce,Fiorentina,0,2,0.916,1.561,Serie A,2024/2025
2025-02-13,Lazio,Genoa,0,0,1.737,0.733,Serie A,2024/2025
2025-02-13,Milan,Inter,0,1,1.269,0.982,Serie A,2024/2025
2025-02-18,Roma,Napoli,2,2,1.196,1.136,Serie A,2024/2025
2025-02-18,Udinese,Monza,0,0,1.335,0.806,Serie A,2024/2025
2025-02-18,Frosinone,Genoa,0,0,0.603,1.258,Serie A,2024/2025
2025-02-18,Genoa,Bologna,1,3,1.213,1.107,Serie A,2024/2025
2025-02-19,Empoli,Fiorentina,0,0,0.87,1.409,Serie A,2024/2025
2025-02-19,Udinese,Inter,1,2,0.647,1.815,Serie A,2024/2025
2025-02-19,Salernitana,Genoa,1,1,0.865,1.381,Serie A,2024/2025
2025-02-19,Juventus,Monza,2,0,2.251,0.693,Serie A,2024/2025
2025-02-20,Empoli,Frosinone,1,0,1.597,0.866,Serie A,2024/2025
2025-02-20,Roma,Lazio,2,1,1.235,1.004,Serie A,2024/2025
2025-02-25,Sassuolo,Genoa,1,1,0.92,1.402,Serie A,2024/2025
2025-02-27,Frosinone,Inter,1,2,0.433,2.313,Serie A,2024/2025
2025-02-27,Roma,Genoa,3,0,1.88,0.783,Serie A,2024/2025
2025-02-27,Bologna,Atalanta,1,1,1.027,1.239,Serie A,2024/2025
2025-02-27,Monza,Frosinone,1,1,1.775,0.84,Serie A,2024/2025
2025-02-27,Napoli,Monza,3,0,2.165,0.528,Serie A,2024/2025
2025-02-27,Lecce,Bologna,1,1,0.995,1.14,Serie A,2024/2025
2025-02-27,Atalanta,Inter,0,2,1.046,1.184,Serie A,2024/2025
2025-02-27,Cagliari,Hellas Verona,1,0,1.352,1.137,Serie A,2024/2025
2025-02-27,Napoli,Cagliari,4,0,2.3,0.417,Serie A,2024/2025
2025-03-04,Fiorentina,Frosinone,2,1,2.003,0.301,Serie A,2024/2025
2025-03-04,Inter,Juventus,2,0,1.302,0.744,Serie A,2024/2025
2025-03-04,Roma,Hellas Verona,5,1,2.385,0.575,Serie A,2024/2025
2025-03-04,Lecce,Torino,0,0,0.956,1.122,Serie A,2024/2025
2025-03-05,Fiorentina,Juventus,0,2,0.943,1.201,Serie A,2024/2025
2025-03-05,Lazio,Empoli,0,1,1.973,0.686,Serie A,2024/2025
2025-03-05,Torino,Milan,0,1,0.851,1.456,Serie A,2024/2025
2025-03-05,Salernitana,Cagliari,0,1,0.661,1.277,Serie A,2024/2025
2025-03-06,Atalanta,Frosinone,3,0,2.585,0.353,Serie A,2024/2025
2025-03-06,Frosinone,Sassuolo,0,1,1.204,0.97,Serie A,2024/2025
2025-03-11,Roma,Atalanta,1,2,1.093,1.012,Serie A,2024/2025
2025-03-11,Salernitana,Roma,0,3,0.762,1.899,Serie A,2024/2025
2025-03-11,Inter,Udinese,2,0,2.574,0.711,Serie A,2024/2025
2025-03-11,Roma,Salernitana,2,1,2.573,0.422,Serie A,2024/2025
2025-03-12,Salernitana,Milan,0,1,0.449,2.215,Serie A,2024/2025
2025-03-12,Inter,Genoa,3,1,2.24,0.603,Serie A,2024/2025
2025-03-12,Genoa,Hellas Verona,1,2,1.456,0.86,Serie A,2024/2025
2025-03-13,Cagliari,Roma,0,1,0.703,1.603,Serie A,2024/2025
2025-03-13,Hellas Verona,Juventus,1,4,0.63,2.152,Serie A,2024/2025
2025-03-13,Sassuolo,Bologna,0,1,0.559,1.697,Serie A,2024/2025
2025-03-18,Hellas Verona,Empoli,2,2,1.125,0.98,Serie A,2024/2025
2025-03-18,Milan,Juventus,1,1,1.336,0.903,Serie A,2024/2025
2025-03-18,Sassuolo,Roma,0,1,0.683,1.654,Serie A,2024/2025
2025-03-18,Inter,Milan,1,0,1.28,0.939,Serie A,2024/2025
2025-03-19,Hellas Verona,Lecce,1,0,1.058,1.058,Serie A,2024/2025
2025-03-19,Empoli,Monza,2,1,1.16,1.02,Serie A,2024/2025
2025-03-19,Hellas Verona,Roma,2,2,0.687,1.529,Serie A,2024/2025
2025-03-20,Fiorentina,Empoli,1,0,2.054,0.623,Serie A,2024/2025
2025-03-20,Sassuolo,Lecce,0,1,1.133,1.211,Serie A,2024/2025
2025-03-20,Lazio,Lecce,3,1,1.853,0.739,Serie A,2024/2025
2025-03-25,Fiorentina,Monza,3,0,1.818,0.638,Serie A,2024/2025
2025-03-25,Lazio,Atalanta,2,3,1.26,0.917,Serie A,2024/2025
2025-03-25,Juventus,Frosinone,2,0,2.82,0.356,Serie A,2024/2025
2025-03-25,Frosinone,Hellas Verona,1,1,0.993,1.099,Serie A,2024/2025
2025-03-25,Roma,Udinese,1,0,1.595,0.572,Serie A,2024/2025
2025-03-26,Lazio,Udinese,1,1,1.868,0.604,Serie A,2024/2025
2025-03-27,Cagliari,Frosinone,3,2,1.48,0.804,Serie A,2024/2025
2025-03-27,Fiorentina,Lazio,1,1,1.237,0.875,Serie A,2024/2025
2025-03-27,Lazio,Torino,1,2,1.591,0.593,Serie A,2024/2025
2025-03-27,Empoli,Roma,0,0,0.775,1.782,Serie A,2024/2025
2025-04-01,Bologna,Udinese,2,0,1.482,0.795,Serie A,2024/2025
2025-04-01,Cagliari,Napoli,0,3,0.634,1.792,Serie A,2024/2025
2025-04-01,Empoli,Hellas Verona,2,0,1.083,0.87,Serie A,2024/2025
2025-04-01,Milan,Lazio,1,1,1.526,0.692,Serie A,2024/2025
2025-04-01,Atalanta,Sassuolo,0,1,2.555,0.533,Serie A,2024/2025
2025-04-02,Monza,Salernitana,2,1,1.632,0.739,Serie A,2024/2025
2025-04-02,Milan,Roma,2,2,1.461,0.869,Serie A,2024/2025
2025-04-02,Torino,Sassuolo,2,1,1.935,0.695,Serie A,2024/2025
2025-04-02,Genoa,Fiorentina,0,3,0.942,1.432,Serie A,2024/2025
2025-04-03,Atalanta,Bologna,0,1,1.439,0.91,Serie A,2024/2025
2025-04-08,Lazio,Hellas Verona,1,1,1.968,0.586,Serie A,2024/2025
2025-04-08,Frosinone,Cagliari,0,1,1.107,1.138,Serie A,2024/2025
2025-04-09,Inter,Napoli,1,1,1.436,0.679,Serie A,2024/2025
2025-04-09,Roma,Monza,1,0,1.814,0.499,Serie A,2024/2025
2025-04-09,Udinese,Napoli,1,1,1.134,1.519,Serie A,2024/2025
2025-04-09,Lecce,Cagliari,2,0,1.307,1.015,Serie A,2024/2025
2025-04-09,Cagliari,Udinese,2,0,1.123,1.208,Serie A,2024/2025
2025-04-10,Cagliari,Inter,1,6,0.4,2.252,Serie A,2024/2025
2025-04-10,Sassuolo,Atalanta,1,1,0.532,1.954,Serie A,2024/2025
2025-04-10,Hellas Verona,Monza,1,2,0.914,1.061,Serie A,2024/2025
2025-04-15,Hellas Verona,Atalanta,1,9,0.601,1.839,Serie A,2024/2025
2025-04-15,Juventus,Milan,1,1,1.066,0.804,Serie A,2024/2025
2025-04-16,Inter,Torino,2,1,1.736,0.669,Serie A,2024/2025
2025-04-16,Genoa,Empoli,0,1,1.359,0.839,Serie A,2024/2025
2025-04-16,Frosinone,Juventus,2,4,0.638,2.321,Serie A,2024/2025
2025-04-17,Roma,Torino,1,1,1.513,0.853,Serie A,2024/2025
2025-04-17,Atalanta,Lecce,0,0,2.034,0.619,Serie A,2024/2025
2025-04-17,Napoli,Udinese,1,0,1.995,0.5,Serie A,2024/2025
2025-04-17,Empoli,Lecce,2,2,1.48,1.117,Serie A,2024/2025
2025-04-17,Juventus,Atalanta,2,2,1.706,0.738,Serie A,2024/2025
2025-04-22,Roma,Frosinone,5,0,2.446,0.34,Serie A,2024/2025
2025-04-23,Frosinone,Bologna,1,2,1.025,1.795,Serie A,2024/2025
2025-04-23,Sassuolo,Fiorentina,0,1,0.673,1.383,Serie A,2024/2025
2025-04-23,Fiorentina,Atalanta,1,2,1.032,1.048,Serie A,2024/2025
2025-04-23,Roma,Milan,0,0,1.031,0.957,Serie A,2024/2025
2025-04-23,Cagliari,Juventus,1,2,0.758,1.908,Serie A,2024/2025
2025-04-23,Torino,Fiorentina,1,0,1.135,0.995,Serie A,2024/2025
2025-04-23,Bologna,Lazio,2,2,1.086,1.154,Serie A,2024/2025
2025-04-24,Lecce,Lazio,0,1,0.776,1.539,Serie A,2024/2025
2025-04-24,Hellas Verona,Fiorentina,0,2,0.755,1.589,Serie A,2024/2025
2025-04-29,Atalanta,Salernitana,0,1,2.654,0.378,Serie A,2024/2025
2025-04-29,Inter,Monza,1,0,2.505,0.319,Serie A,2024/2025
2025-04-30,Frosinone,Lazio,1,1,0.482,1.999,Serie A,2024/2025
2025-04-30,Cagliari,Monza,1,0,0.98,1.001,Serie A,2024/2025
2025-04-30,Juventus,Hellas Verona,3,1,2.795,0.335,Serie A,2024/2025
2025-05-01,Juventus,Fiorentina,1,0,1.516,0.768,Serie A,2024/2025
2025-05-01,Torino,Frosinone,1,0,2.102,0.4,Serie A,2024/2025
2025-05-01,Salernitana,Udinese,0,1,0.723,1.448,Serie A,2024/2025
2025-05-01,Bologna,Salernitana,3,0,2.157,0.594,Serie A,2024/2025
2025-05-01,Bologna,Torino,1,0,1.158,1.018,Serie A,2024/2025
2025-05-06,Genoa,Roma,2,0,0.864,1.574,Serie A,2024/2025
2025-05-06,Frosinone,Monza,2,2,0.935,1.331,Serie A,2024/2025
2025-05-06,Genoa,Lazio,0,1,0.946,1.362,Serie A,2024/2025
2025-05-06,Frosinone,Torino,1,1,0.757,1.646,Serie A,2024/2025
2025-05-07,Sassuolo,Udinese,1,2,0.83,1.162,Serie A,2024/2025
2025-05-07,Genoa,Torino,2,2,1.205,1.028,Serie A,2024/2025
2025-05-07,Monza,Roma,3,0,0.857,1.398,Serie A,2024/2025
2025-05-07,Empoli,Cagliari,0,0,1.174,0.836,Serie A,2024/2025
2025-05-08,Udinese,Salernitana,0,0,1.952,0.61,Serie A,2024/2025
2025-05-08,Salernitana,Juventus,0,3,0.4,2.234,Serie A,2024/2025
